source,target,relationship
S0356,C149,ENROLLED_IN
S0356,C125,ENROLLED_IN
S0356,C147,ENROLLED_IN
S0372,C157,ENROLLED_IN
S0372,C146,ENROLLED_IN
S0372,C152,ENROLLED_IN
S0408,C117,ENROLLED_IN
S0408,C112,ENROLLED_IN
S0408,C132,ENROLLED_IN
S0061,C154,ENROLLED_IN
S0061,C105,ENROLLED_IN
S0061,C123,ENROLLED_IN
S0326,C138,ENROLLED_IN
S0326,C119,ENROLLED_IN
S0326,C149,ENROLLED_IN
S0392,C138,ENROLLED_IN
S0392,C116,ENROLLED_IN
S0392,C158,ENROLLED_IN
S0374,C111,ENROLLED_IN
S0374,C113,ENROLLED_IN
S0374,C110,ENROLLED_IN
S0075,C110,ENROLLED_IN
S0075,C125,ENROLLED_IN
S0075,C140,ENROLLED_IN
S0135,C120,ENROLLED_IN
S0135,C102,ENROLLED_IN
S0135,C122,ENROLLED_IN
S0400,C159,ENROLLED_IN
S0400,C119,ENROLLED_IN
S0400,C111,ENROLLED_IN
S0371,C152,ENROLLED_IN
S0371,C150,ENROLLED_IN
S0371,C145,ENROLLED_IN
S0490,C139,ENROLLED_IN
S0490,C134,ENROLLED_IN
S0490,C125,ENROLLED_IN
S0317,C115,ENROLLED_IN
S0317,C145,ENROLLED_IN
S0317,C159,ENROLLED_IN
S0442,C119,ENROLLED_IN
S0442,C101,ENROLLED_IN
S0442,C144,ENROLLED_IN
S0093,C102,ENROLLED_IN
S0093,C154,ENROLLED_IN
S0093,C149,ENROLLED_IN
S0207,C156,ENROLLED_IN
S0207,C141,ENROLLED_IN
S0207,C135,ENROLLED_IN
S0283,C103,ENROLLED_IN
S0283,C124,ENROLLED_IN
S0283,C142,ENROLLED_IN
S0188,C138,ENROLLED_IN
S0188,C112,ENROLLED_IN
S0188,C128,ENROLLED_IN
S0291,C112,ENROLLED_IN
S0291,C156,ENROLLED_IN
S0291,C127,ENROLLED_IN
S0026,C132,ENROLLED_IN
S0026,C102,ENROLLED_IN
S0026,C125,ENROLLED_IN
S0130,C140,ENROLLED_IN
S0130,C137,ENROLLED_IN
S0130,C119,ENROLLED_IN
S0014,C153,ENROLLED_IN
S0014,C127,ENROLLED_IN
S0014,C130,ENROLLED_IN
S0230,C104,ENROLLED_IN
S0230,C160,ENROLLED_IN
S0230,C122,ENROLLED_IN
S0250,C156,ENROLLED_IN
S0250,C127,ENROLLED_IN
S0250,C105,ENROLLED_IN
S0427,C108,ENROLLED_IN
S0427,C148,ENROLLED_IN
S0427,C150,ENROLLED_IN
S0401,C126,ENROLLED_IN
S0401,C152,ENROLLED_IN
S0401,C153,ENROLLED_IN
S0206,C135,ENROLLED_IN
S0206,C115,ENROLLED_IN
S0206,C123,ENROLLED_IN
S0215,C143,ENROLLED_IN
S0215,C106,ENROLLED_IN
S0215,C132,ENROLLED_IN
S0209,C111,ENROLLED_IN
S0209,C123,ENROLLED_IN
S0209,C153,ENROLLED_IN
S0114,C127,ENROLLED_IN
S0114,C128,ENROLLED_IN
S0114,C123,ENROLLED_IN
S0053,C106,ENROLLED_IN
S0053,C129,ENROLLED_IN
S0053,C126,ENROLLED_IN
S0496,C105,ENROLLED_IN
S0496,C103,ENROLLED_IN
S0496,C149,ENROLLED_IN
S0133,C109,ENROLLED_IN
S0133,C138,ENROLLED_IN
S0133,C140,ENROLLED_IN
S0060,C145,ENROLLED_IN
S0060,C136,ENROLLED_IN
S0060,C140,ENROLLED_IN
S0166,C118,ENROLLED_IN
S0166,C116,ENROLLED_IN
S0166,C125,ENROLLED_IN
S0056,C129,ENROLLED_IN
S0056,C148,ENROLLED_IN
S0056,C124,ENROLLED_IN
S0399,C112,ENROLLED_IN
S0399,C133,ENROLLED_IN
S0399,C105,ENROLLED_IN
S0011,C138,ENROLLED_IN
S0011,C157,ENROLLED_IN
S0011,C116,ENROLLED_IN
S0102,C159,ENROLLED_IN
S0102,C146,ENROLLED_IN
S0102,C128,ENROLLED_IN
S0238,C138,ENROLLED_IN
S0238,C153,ENROLLED_IN
S0238,C105,ENROLLED_IN
S0440,C107,ENROLLED_IN
S0440,C113,ENROLLED_IN
S0440,C151,ENROLLED_IN
S0389,C160,ENROLLED_IN
S0389,C132,ENROLLED_IN
S0389,C129,ENROLLED_IN
S0483,C160,ENROLLED_IN
S0483,C126,ENROLLED_IN
S0483,C113,ENROLLED_IN
S0051,C123,ENROLLED_IN
S0051,C130,ENROLLED_IN
S0051,C121,ENROLLED_IN
S0279,C131,ENROLLED_IN
S0279,C143,ENROLLED_IN
S0279,C142,ENROLLED_IN
S0273,C115,ENROLLED_IN
S0273,C138,ENROLLED_IN
S0273,C151,ENROLLED_IN
S0194,C146,ENROLLED_IN
S0194,C144,ENROLLED_IN
S0194,C156,ENROLLED_IN
S0492,C153,ENROLLED_IN
S0492,C108,ENROLLED_IN
S0492,C114,ENROLLED_IN
S0254,C137,ENROLLED_IN
S0254,C116,ENROLLED_IN
S0254,C135,ENROLLED_IN
S0425,C122,ENROLLED_IN
S0425,C129,ENROLLED_IN
S0425,C106,ENROLLED_IN
S0024,C116,ENROLLED_IN
S0024,C134,ENROLLED_IN
S0024,C120,ENROLLED_IN
S0029,C136,ENROLLED_IN
S0029,C123,ENROLLED_IN
S0029,C120,ENROLLED_IN
S0058,C108,ENROLLED_IN
S0058,C156,ENROLLED_IN
S0058,C135,ENROLLED_IN
S0123,C131,ENROLLED_IN
S0123,C160,ENROLLED_IN
S0123,C141,ENROLLED_IN
S0325,C148,ENROLLED_IN
S0325,C116,ENROLLED_IN
S0325,C143,ENROLLED_IN
S0497,C127,ENROLLED_IN
S0497,C117,ENROLLED_IN
S0497,C150,ENROLLED_IN
S0405,C157,ENROLLED_IN
S0405,C152,ENROLLED_IN
S0405,C109,ENROLLED_IN
S0320,C120,ENROLLED_IN
S0320,C101,ENROLLED_IN
S0320,C153,ENROLLED_IN
S0269,C159,ENROLLED_IN
S0269,C126,ENROLLED_IN
S0269,C157,ENROLLED_IN
S0387,C160,ENROLLED_IN
S0387,C154,ENROLLED_IN
S0387,C122,ENROLLED_IN
S0169,C124,ENROLLED_IN
S0169,C145,ENROLLED_IN
S0169,C143,ENROLLED_IN
S0334,C145,ENROLLED_IN
S0334,C130,ENROLLED_IN
S0334,C125,ENROLLED_IN
S0063,C147,ENROLLED_IN
S0063,C127,ENROLLED_IN
S0063,C159,ENROLLED_IN
S0191,C125,ENROLLED_IN
S0191,C132,ENROLLED_IN
S0191,C119,ENROLLED_IN
S0447,C136,ENROLLED_IN
S0447,C156,ENROLLED_IN
S0447,C107,ENROLLED_IN
S0266,C104,ENROLLED_IN
S0266,C139,ENROLLED_IN
S0266,C158,ENROLLED_IN
S0305,C109,ENROLLED_IN
S0305,C141,ENROLLED_IN
S0305,C132,ENROLLED_IN
S0138,C108,ENROLLED_IN
S0138,C151,ENROLLED_IN
S0138,C157,ENROLLED_IN
S0094,C151,ENROLLED_IN
S0094,C160,ENROLLED_IN
S0094,C113,ENROLLED_IN
S0218,C126,ENROLLED_IN
S0218,C145,ENROLLED_IN
S0218,C108,ENROLLED_IN
S0057,C109,ENROLLED_IN
S0057,C126,ENROLLED_IN
S0057,C157,ENROLLED_IN
S0352,C123,ENROLLED_IN
S0352,C118,ENROLLED_IN
S0352,C127,ENROLLED_IN
S0410,C105,ENROLLED_IN
S0410,C159,ENROLLED_IN
S0410,C155,ENROLLED_IN
S0025,C156,ENROLLED_IN
S0025,C117,ENROLLED_IN
S0025,C148,ENROLLED_IN
S0154,C115,ENROLLED_IN
S0154,C131,ENROLLED_IN
S0154,C148,ENROLLED_IN
S0178,C159,ENROLLED_IN
S0178,C150,ENROLLED_IN
S0178,C146,ENROLLED_IN
S0321,C107,ENROLLED_IN
S0321,C141,ENROLLED_IN
S0321,C110,ENROLLED_IN
S0312,C122,ENROLLED_IN
S0312,C157,ENROLLED_IN
S0312,C143,ENROLLED_IN
S0153,C145,ENROLLED_IN
S0153,C126,ENROLLED_IN
S0153,C143,ENROLLED_IN
S0068,C112,ENROLLED_IN
S0068,C148,ENROLLED_IN
S0068,C114,ENROLLED_IN
S0236,C117,ENROLLED_IN
S0236,C121,ENROLLED_IN
S0236,C145,ENROLLED_IN
S0210,C121,ENROLLED_IN
S0210,C114,ENROLLED_IN
S0210,C105,ENROLLED_IN
S0443,C151,ENROLLED_IN
S0443,C143,ENROLLED_IN
S0443,C135,ENROLLED_IN
S0233,C144,ENROLLED_IN
S0233,C148,ENROLLED_IN
S0233,C124,ENROLLED_IN
S0314,C134,ENROLLED_IN
S0314,C122,ENROLLED_IN
S0314,C103,ENROLLED_IN
S0453,C136,ENROLLED_IN
S0453,C105,ENROLLED_IN
S0453,C129,ENROLLED_IN
S0008,C149,ENROLLED_IN
S0008,C152,ENROLLED_IN
S0008,C150,ENROLLED_IN
S0436,C135,ENROLLED_IN
S0436,C155,ENROLLED_IN
S0436,C111,ENROLLED_IN
S0201,C127,ENROLLED_IN
S0201,C148,ENROLLED_IN
S0201,C121,ENROLLED_IN
S0324,C129,ENROLLED_IN
S0324,C149,ENROLLED_IN
S0324,C121,ENROLLED_IN
S0120,C149,ENROLLED_IN
S0120,C144,ENROLLED_IN
S0120,C160,ENROLLED_IN
S0368,C157,ENROLLED_IN
S0368,C120,ENROLLED_IN
S0368,C106,ENROLLED_IN
S0360,C158,ENROLLED_IN
S0360,C103,ENROLLED_IN
S0360,C133,ENROLLED_IN
S0091,C108,ENROLLED_IN
S0091,C137,ENROLLED_IN
S0091,C126,ENROLLED_IN
S0287,C134,ENROLLED_IN
S0287,C142,ENROLLED_IN
S0287,C140,ENROLLED_IN
S0489,C139,ENROLLED_IN
S0489,C160,ENROLLED_IN
S0489,C152,ENROLLED_IN
S0142,C133,ENROLLED_IN
S0142,C108,ENROLLED_IN
S0142,C117,ENROLLED_IN
S0258,C140,ENROLLED_IN
S0258,C131,ENROLLED_IN
S0258,C156,ENROLLED_IN
S0211,C153,ENROLLED_IN
S0211,C106,ENROLLED_IN
S0211,C110,ENROLLED_IN
S0175,C115,ENROLLED_IN
S0175,C134,ENROLLED_IN
S0175,C154,ENROLLED_IN
S0274,C126,ENROLLED_IN
S0274,C109,ENROLLED_IN
S0274,C111,ENROLLED_IN
S0274,C112,ENROLLED_IN
S0414,C139,ENROLLED_IN
S0414,C146,ENROLLED_IN
S0414,C115,ENROLLED_IN
S0414,C114,ENROLLED_IN
S0318,C135,ENROLLED_IN
S0318,C134,ENROLLED_IN
S0318,C136,ENROLLED_IN
S0318,C148,ENROLLED_IN
S0161,C129,ENROLLED_IN
S0161,C117,ENROLLED_IN
S0161,C145,ENROLLED_IN
S0161,C155,ENROLLED_IN
S0376,C145,ENROLLED_IN
S0376,C160,ENROLLED_IN
S0376,C156,ENROLLED_IN
S0376,C112,ENROLLED_IN
S0459,C140,ENROLLED_IN
S0459,C133,ENROLLED_IN
S0459,C127,ENROLLED_IN
S0459,C158,ENROLLED_IN
S0240,C153,ENROLLED_IN
S0240,C135,ENROLLED_IN
S0240,C113,ENROLLED_IN
S0240,C151,ENROLLED_IN
S0043,C117,ENROLLED_IN
S0043,C105,ENROLLED_IN
S0043,C115,ENROLLED_IN
S0043,C144,ENROLLED_IN
S0466,C159,ENROLLED_IN
S0466,C106,ENROLLED_IN
S0466,C139,ENROLLED_IN
S0466,C160,ENROLLED_IN
S0253,C116,ENROLLED_IN
S0253,C134,ENROLLED_IN
S0253,C105,ENROLLED_IN
S0253,C113,ENROLLED_IN
S0345,C124,ENROLLED_IN
S0345,C103,ENROLLED_IN
S0345,C106,ENROLLED_IN
S0345,C143,ENROLLED_IN
S0264,C128,ENROLLED_IN
S0264,C151,ENROLLED_IN
S0264,C120,ENROLLED_IN
S0264,C106,ENROLLED_IN
S0362,C142,ENROLLED_IN
S0362,C141,ENROLLED_IN
S0362,C135,ENROLLED_IN
S0362,C105,ENROLLED_IN
S0407,C154,ENROLLED_IN
S0407,C135,ENROLLED_IN
S0407,C155,ENROLLED_IN
S0407,C129,ENROLLED_IN
S0259,C109,ENROLLED_IN
S0259,C136,ENROLLED_IN
S0259,C145,ENROLLED_IN
S0259,C141,ENROLLED_IN
S0293,C106,ENROLLED_IN
S0293,C123,ENROLLED_IN
S0293,C114,ENROLLED_IN
S0293,C154,ENROLLED_IN
S0235,C147,ENROLLED_IN
S0235,C126,ENROLLED_IN
S0235,C105,ENROLLED_IN
S0235,C151,ENROLLED_IN
S0110,C158,ENROLLED_IN
S0110,C126,ENROLLED_IN
S0110,C131,ENROLLED_IN
S0110,C146,ENROLLED_IN
S0072,C104,ENROLLED_IN
S0072,C130,ENROLLED_IN
S0072,C126,ENROLLED_IN
S0072,C103,ENROLLED_IN
S0438,C137,ENROLLED_IN
S0438,C117,ENROLLED_IN
S0438,C119,ENROLLED_IN
S0438,C121,ENROLLED_IN
S0187,C108,ENROLLED_IN
S0187,C122,ENROLLED_IN
S0187,C125,ENROLLED_IN
S0187,C137,ENROLLED_IN
S0088,C129,ENROLLED_IN
S0088,C150,ENROLLED_IN
S0088,C144,ENROLLED_IN
S0088,C154,ENROLLED_IN
S0430,C125,ENROLLED_IN
S0430,C105,ENROLLED_IN
S0430,C109,ENROLLED_IN
S0430,C116,ENROLLED_IN
S0243,C116,ENROLLED_IN
S0243,C141,ENROLLED_IN
S0243,C149,ENROLLED_IN
S0243,C150,ENROLLED_IN
S0044,C149,ENROLLED_IN
S0044,C107,ENROLLED_IN
S0044,C128,ENROLLED_IN
S0044,C144,ENROLLED_IN
S0013,C159,ENROLLED_IN
S0013,C123,ENROLLED_IN
S0013,C116,ENROLLED_IN
S0013,C144,ENROLLED_IN
S0493,C116,ENROLLED_IN
S0493,C136,ENROLLED_IN
S0493,C148,ENROLLED_IN
S0493,C126,ENROLLED_IN
S0158,C139,ENROLLED_IN
S0158,C112,ENROLLED_IN
S0158,C117,ENROLLED_IN
S0158,C130,ENROLLED_IN
S0100,C118,ENROLLED_IN
S0100,C141,ENROLLED_IN
S0100,C110,ENROLLED_IN
S0100,C159,ENROLLED_IN
S0495,C112,ENROLLED_IN
S0495,C122,ENROLLED_IN
S0495,C116,ENROLLED_IN
S0495,C106,ENROLLED_IN
S0149,C128,ENROLLED_IN
S0149,C137,ENROLLED_IN
S0149,C141,ENROLLED_IN
S0149,C112,ENROLLED_IN
S0163,C153,ENROLLED_IN
S0163,C106,ENROLLED_IN
S0163,C156,ENROLLED_IN
S0163,C144,ENROLLED_IN
S0375,C102,ENROLLED_IN
S0375,C114,ENROLLED_IN
S0375,C109,ENROLLED_IN
S0375,C151,ENROLLED_IN
S0337,C156,ENROLLED_IN
S0337,C112,ENROLLED_IN
S0337,C122,ENROLLED_IN
S0337,C136,ENROLLED_IN
S0402,C120,ENROLLED_IN
S0402,C136,ENROLLED_IN
S0402,C146,ENROLLED_IN
S0402,C134,ENROLLED_IN
S0002,C126,ENROLLED_IN
S0002,C102,ENROLLED_IN
S0002,C114,ENROLLED_IN
S0002,C142,ENROLLED_IN
S0039,C140,ENROLLED_IN
S0039,C125,ENROLLED_IN
S0039,C110,ENROLLED_IN
S0039,C128,ENROLLED_IN
S0038,C141,ENROLLED_IN
S0038,C160,ENROLLED_IN
S0038,C123,ENROLLED_IN
S0038,C131,ENROLLED_IN
S0224,C149,ENROLLED_IN
S0224,C128,ENROLLED_IN
S0224,C113,ENROLLED_IN
S0224,C135,ENROLLED_IN
S0232,C101,ENROLLED_IN
S0232,C150,ENROLLED_IN
S0232,C117,ENROLLED_IN
S0232,C116,ENROLLED_IN
S0113,C108,ENROLLED_IN
S0113,C142,ENROLLED_IN
S0113,C160,ENROLLED_IN
S0113,C152,ENROLLED_IN
S0369,C138,ENROLLED_IN
S0369,C149,ENROLLED_IN
S0369,C113,ENROLLED_IN
S0369,C121,ENROLLED_IN
S0010,C138,ENROLLED_IN
S0010,C133,ENROLLED_IN
S0010,C117,ENROLLED_IN
S0010,C160,ENROLLED_IN
S0077,C140,ENROLLED_IN
S0077,C106,ENROLLED_IN
S0077,C158,ENROLLED_IN
S0077,C150,ENROLLED_IN
S0151,C132,ENROLLED_IN
S0151,C148,ENROLLED_IN
S0151,C160,ENROLLED_IN
S0151,C135,ENROLLED_IN
S0409,C107,ENROLLED_IN
S0409,C127,ENROLLED_IN
S0409,C158,ENROLLED_IN
S0409,C122,ENROLLED_IN
S0297,C128,ENROLLED_IN
S0297,C159,ENROLLED_IN
S0297,C102,ENROLLED_IN
S0297,C104,ENROLLED_IN
S0361,C128,ENROLLED_IN
S0361,C103,ENROLLED_IN
S0361,C120,ENROLLED_IN
S0361,C109,ENROLLED_IN
S0227,C130,ENROLLED_IN
S0227,C151,ENROLLED_IN
S0227,C114,ENROLLED_IN
S0227,C131,ENROLLED_IN
S0285,C145,ENROLLED_IN
S0285,C107,ENROLLED_IN
S0285,C157,ENROLLED_IN
S0285,C140,ENROLLED_IN
S0450,C108,ENROLLED_IN
S0450,C120,ENROLLED_IN
S0450,C104,ENROLLED_IN
S0450,C132,ENROLLED_IN
S0121,C152,ENROLLED_IN
S0121,C121,ENROLLED_IN
S0121,C120,ENROLLED_IN
S0121,C144,ENROLLED_IN
S0177,C105,ENROLLED_IN
S0177,C151,ENROLLED_IN
S0177,C102,ENROLLED_IN
S0177,C121,ENROLLED_IN
S0009,C112,ENROLLED_IN
S0009,C127,ENROLLED_IN
S0009,C124,ENROLLED_IN
S0009,C110,ENROLLED_IN
S0221,C140,ENROLLED_IN
S0221,C152,ENROLLED_IN
S0221,C106,ENROLLED_IN
S0221,C107,ENROLLED_IN
S0456,C159,ENROLLED_IN
S0456,C147,ENROLLED_IN
S0456,C126,ENROLLED_IN
S0456,C106,ENROLLED_IN
S0212,C110,ENROLLED_IN
S0212,C151,ENROLLED_IN
S0212,C124,ENROLLED_IN
S0212,C154,ENROLLED_IN
S0500,C119,ENROLLED_IN
S0500,C148,ENROLLED_IN
S0500,C123,ENROLLED_IN
S0500,C133,ENROLLED_IN
S0005,C116,ENROLLED_IN
S0005,C126,ENROLLED_IN
S0005,C154,ENROLLED_IN
S0005,C101,ENROLLED_IN
S0469,C134,ENROLLED_IN
S0469,C146,ENROLLED_IN
S0469,C131,ENROLLED_IN
S0469,C155,ENROLLED_IN
S0486,C126,ENROLLED_IN
S0486,C160,ENROLLED_IN
S0486,C143,ENROLLED_IN
S0486,C113,ENROLLED_IN
S0098,C110,ENROLLED_IN
S0098,C105,ENROLLED_IN
S0098,C101,ENROLLED_IN
S0098,C153,ENROLLED_IN
S0023,C127,ENROLLED_IN
S0023,C157,ENROLLED_IN
S0023,C140,ENROLLED_IN
S0023,C110,ENROLLED_IN
S0290,C145,ENROLLED_IN
S0290,C160,ENROLLED_IN
S0290,C123,ENROLLED_IN
S0290,C110,ENROLLED_IN
S0079,C138,ENROLLED_IN
S0079,C129,ENROLLED_IN
S0079,C139,ENROLLED_IN
S0079,C121,ENROLLED_IN
S0370,C139,ENROLLED_IN
S0370,C140,ENROLLED_IN
S0370,C134,ENROLLED_IN
S0370,C150,ENROLLED_IN
S0165,C141,ENROLLED_IN
S0165,C159,ENROLLED_IN
S0165,C113,ENROLLED_IN
S0165,C132,ENROLLED_IN
S0346,C154,ENROLLED_IN
S0346,C113,ENROLLED_IN
S0346,C139,ENROLLED_IN
S0346,C138,ENROLLED_IN
S0020,C140,ENROLLED_IN
S0020,C113,ENROLLED_IN
S0020,C112,ENROLLED_IN
S0020,C117,ENROLLED_IN
S0239,C106,ENROLLED_IN
S0239,C135,ENROLLED_IN
S0239,C109,ENROLLED_IN
S0239,C113,ENROLLED_IN
S0271,C159,ENROLLED_IN
S0271,C152,ENROLLED_IN
S0271,C122,ENROLLED_IN
S0271,C135,ENROLLED_IN
S0316,C124,ENROLLED_IN
S0316,C142,ENROLLED_IN
S0316,C127,ENROLLED_IN
S0316,C145,ENROLLED_IN
S0394,C160,ENROLLED_IN
S0394,C139,ENROLLED_IN
S0394,C133,ENROLLED_IN
S0394,C146,ENROLLED_IN
S0462,C114,ENROLLED_IN
S0462,C109,ENROLLED_IN
S0462,C142,ENROLLED_IN
S0462,C111,ENROLLED_IN
S0365,C156,ENROLLED_IN
S0365,C115,ENROLLED_IN
S0365,C105,ENROLLED_IN
S0365,C137,ENROLLED_IN
S0126,C118,ENROLLED_IN
S0126,C113,ENROLLED_IN
S0126,C152,ENROLLED_IN
S0126,C117,ENROLLED_IN
S0080,C133,ENROLLED_IN
S0080,C118,ENROLLED_IN
S0080,C145,ENROLLED_IN
S0080,C129,ENROLLED_IN
S0359,C140,ENROLLED_IN
S0359,C136,ENROLLED_IN
S0359,C130,ENROLLED_IN
S0359,C149,ENROLLED_IN
S0403,C128,ENROLLED_IN
S0403,C105,ENROLLED_IN
S0403,C107,ENROLLED_IN
S0403,C102,ENROLLED_IN
S0393,C148,ENROLLED_IN
S0393,C155,ENROLLED_IN
S0393,C122,ENROLLED_IN
S0393,C154,ENROLLED_IN
S0477,C110,ENROLLED_IN
S0477,C106,ENROLLED_IN
S0477,C156,ENROLLED_IN
S0477,C149,ENROLLED_IN
S0307,C114,ENROLLED_IN
S0307,C160,ENROLLED_IN
S0307,C152,ENROLLED_IN
S0307,C148,ENROLLED_IN
S0383,C142,ENROLLED_IN
S0383,C147,ENROLLED_IN
S0383,C138,ENROLLED_IN
S0383,C122,ENROLLED_IN
S0186,C118,ENROLLED_IN
S0186,C134,ENROLLED_IN
S0186,C117,ENROLLED_IN
S0186,C138,ENROLLED_IN
S0331,C103,ENROLLED_IN
S0331,C133,ENROLLED_IN
S0331,C144,ENROLLED_IN
S0331,C143,ENROLLED_IN
S0381,C128,ENROLLED_IN
S0381,C142,ENROLLED_IN
S0381,C156,ENROLLED_IN
S0381,C116,ENROLLED_IN
S0424,C154,ENROLLED_IN
S0424,C118,ENROLLED_IN
S0424,C105,ENROLLED_IN
S0424,C119,ENROLLED_IN
S0119,C148,ENROLLED_IN
S0119,C114,ENROLLED_IN
S0119,C140,ENROLLED_IN
S0119,C154,ENROLLED_IN
S0131,C143,ENROLLED_IN
S0131,C120,ENROLLED_IN
S0131,C156,ENROLLED_IN
S0131,C127,ENROLLED_IN
S0472,C152,ENROLLED_IN
S0472,C111,ENROLLED_IN
S0472,C136,ENROLLED_IN
S0472,C139,ENROLLED_IN
S0216,C145,ENROLLED_IN
S0216,C113,ENROLLED_IN
S0216,C159,ENROLLED_IN
S0216,C155,ENROLLED_IN
S0388,C134,ENROLLED_IN
S0388,C111,ENROLLED_IN
S0388,C138,ENROLLED_IN
S0388,C153,ENROLLED_IN
S0162,C104,ENROLLED_IN
S0162,C157,ENROLLED_IN
S0162,C109,ENROLLED_IN
S0162,C134,ENROLLED_IN
S0122,C131,ENROLLED_IN
S0122,C129,ENROLLED_IN
S0122,C106,ENROLLED_IN
S0122,C112,ENROLLED_IN
S0116,C107,ENROLLED_IN
S0116,C112,ENROLLED_IN
S0116,C105,ENROLLED_IN
S0116,C102,ENROLLED_IN
S0172,C128,ENROLLED_IN
S0172,C108,ENROLLED_IN
S0172,C130,ENROLLED_IN
S0172,C146,ENROLLED_IN
S0303,C101,ENROLLED_IN
S0303,C135,ENROLLED_IN
S0303,C152,ENROLLED_IN
S0303,C114,ENROLLED_IN
S0181,C146,ENROLLED_IN
S0181,C104,ENROLLED_IN
S0181,C127,ENROLLED_IN
S0181,C117,ENROLLED_IN
S0441,C150,ENROLLED_IN
S0441,C115,ENROLLED_IN
S0441,C157,ENROLLED_IN
S0441,C110,ENROLLED_IN
S0294,C141,ENROLLED_IN
S0294,C109,ENROLLED_IN
S0294,C155,ENROLLED_IN
S0294,C156,ENROLLED_IN
S0124,C133,ENROLLED_IN
S0124,C146,ENROLLED_IN
S0124,C140,ENROLLED_IN
S0124,C155,ENROLLED_IN
S0134,C124,ENROLLED_IN
S0134,C119,ENROLLED_IN
S0134,C123,ENROLLED_IN
S0134,C129,ENROLLED_IN
S0341,C139,ENROLLED_IN
S0341,C158,ENROLLED_IN
S0341,C126,ENROLLED_IN
S0341,C119,ENROLLED_IN
S0016,C146,ENROLLED_IN
S0016,C119,ENROLLED_IN
S0016,C116,ENROLLED_IN
S0016,C112,ENROLLED_IN
S0249,C132,ENROLLED_IN
S0249,C105,ENROLLED_IN
S0249,C113,ENROLLED_IN
S0249,C149,ENROLLED_IN
S0404,C122,ENROLLED_IN
S0404,C127,ENROLLED_IN
S0404,C112,ENROLLED_IN
S0404,C151,ENROLLED_IN
S0268,C135,ENROLLED_IN
S0268,C136,ENROLLED_IN
S0268,C107,ENROLLED_IN
S0268,C157,ENROLLED_IN
S0156,C126,ENROLLED_IN
S0156,C128,ENROLLED_IN
S0156,C145,ENROLLED_IN
S0156,C142,ENROLLED_IN
S0413,C123,ENROLLED_IN
S0413,C157,ENROLLED_IN
S0413,C158,ENROLLED_IN
S0413,C139,ENROLLED_IN
S0422,C102,ENROLLED_IN
S0422,C123,ENROLLED_IN
S0422,C138,ENROLLED_IN
S0422,C135,ENROLLED_IN
S0095,C146,ENROLLED_IN
S0095,C113,ENROLLED_IN
S0095,C132,ENROLLED_IN
S0095,C149,ENROLLED_IN
S0247,C129,ENROLLED_IN
S0247,C116,ENROLLED_IN
S0247,C159,ENROLLED_IN
S0247,C137,ENROLLED_IN
S0109,C151,ENROLLED_IN
S0109,C104,ENROLLED_IN
S0109,C154,ENROLLED_IN
S0109,C143,ENROLLED_IN
S0047,C133,ENROLLED_IN
S0047,C120,ENROLLED_IN
S0047,C158,ENROLLED_IN
S0047,C104,ENROLLED_IN
S0034,C133,ENROLLED_IN
S0034,C158,ENROLLED_IN
S0034,C135,ENROLLED_IN
S0034,C127,ENROLLED_IN
S0096,C123,ENROLLED_IN
S0096,C138,ENROLLED_IN
S0096,C137,ENROLLED_IN
S0096,C141,ENROLLED_IN
S0488,C120,ENROLLED_IN
S0488,C135,ENROLLED_IN
S0488,C152,ENROLLED_IN
S0488,C123,ENROLLED_IN
S0384,C112,ENROLLED_IN
S0384,C150,ENROLLED_IN
S0384,C132,ENROLLED_IN
S0384,C117,ENROLLED_IN
S0366,C104,ENROLLED_IN
S0366,C108,ENROLLED_IN
S0366,C122,ENROLLED_IN
S0366,C123,ENROLLED_IN
S0226,C134,ENROLLED_IN
S0226,C105,ENROLLED_IN
S0226,C104,ENROLLED_IN
S0226,C114,ENROLLED_IN
S0364,C119,ENROLLED_IN
S0364,C146,ENROLLED_IN
S0364,C140,ENROLLED_IN
S0364,C117,ENROLLED_IN
S0017,C141,ENROLLED_IN
S0017,C152,ENROLLED_IN
S0017,C146,ENROLLED_IN
S0017,C129,ENROLLED_IN
S0204,C151,ENROLLED_IN
S0204,C103,ENROLLED_IN
S0204,C120,ENROLLED_IN
S0204,C148,ENROLLED_IN
S0333,C139,ENROLLED_IN
S0333,C144,ENROLLED_IN
S0333,C124,ENROLLED_IN
S0333,C134,ENROLLED_IN
S0344,C125,ENROLLED_IN
S0344,C122,ENROLLED_IN
S0344,C109,ENROLLED_IN
S0344,C132,ENROLLED_IN
S0084,C135,ENROLLED_IN
S0084,C113,ENROLLED_IN
S0084,C119,ENROLLED_IN
S0084,C111,ENROLLED_IN
S0263,C117,ENROLLED_IN
S0263,C145,ENROLLED_IN
S0263,C159,ENROLLED_IN
S0263,C151,ENROLLED_IN
S0261,C105,ENROLLED_IN
S0261,C154,ENROLLED_IN
S0261,C126,ENROLLED_IN
S0261,C116,ENROLLED_IN
S0090,C103,ENROLLED_IN
S0090,C123,ENROLLED_IN
S0090,C137,ENROLLED_IN
S0090,C140,ENROLLED_IN
S0395,C121,ENROLLED_IN
S0395,C126,ENROLLED_IN
S0395,C124,ENROLLED_IN
S0395,C154,ENROLLED_IN
S0101,C153,ENROLLED_IN
S0101,C102,ENROLLED_IN
S0101,C144,ENROLLED_IN
S0101,C125,ENROLLED_IN
S0182,C143,ENROLLED_IN
S0182,C142,ENROLLED_IN
S0182,C156,ENROLLED_IN
S0182,C139,ENROLLED_IN
S0190,C153,ENROLLED_IN
S0190,C128,ENROLLED_IN
S0190,C104,ENROLLED_IN
S0190,C134,ENROLLED_IN
S0074,C147,ENROLLED_IN
S0074,C142,ENROLLED_IN
S0074,C128,ENROLLED_IN
S0074,C127,ENROLLED_IN
S0070,C121,ENROLLED_IN
S0070,C124,ENROLLED_IN
S0070,C111,ENROLLED_IN
S0070,C157,ENROLLED_IN
S0411,C130,ENROLLED_IN
S0411,C108,ENROLLED_IN
S0411,C153,ENROLLED_IN
S0411,C133,ENROLLED_IN
S0041,C102,ENROLLED_IN
S0041,C133,ENROLLED_IN
S0041,C107,ENROLLED_IN
S0041,C143,ENROLLED_IN
S0474,C128,ENROLLED_IN
S0474,C123,ENROLLED_IN
S0474,C110,ENROLLED_IN
S0474,C158,ENROLLED_IN
S0494,C109,ENROLLED_IN
S0494,C131,ENROLLED_IN
S0494,C116,ENROLLED_IN
S0494,C103,ENROLLED_IN
S0267,C106,ENROLLED_IN
S0267,C140,ENROLLED_IN
S0267,C115,ENROLLED_IN
S0267,C122,ENROLLED_IN
S0195,C149,ENROLLED_IN
S0195,C156,ENROLLED_IN
S0195,C144,ENROLLED_IN
S0195,C124,ENROLLED_IN
S0117,C145,ENROLLED_IN
S0117,C103,ENROLLED_IN
S0117,C138,ENROLLED_IN
S0117,C141,ENROLLED_IN
S0107,C124,ENROLLED_IN
S0107,C129,ENROLLED_IN
S0107,C149,ENROLLED_IN
S0107,C109,ENROLLED_IN
S0256,C158,ENROLLED_IN
S0256,C136,ENROLLED_IN
S0256,C113,ENROLLED_IN
S0256,C140,ENROLLED_IN
S0458,C142,ENROLLED_IN
S0458,C102,ENROLLED_IN
S0458,C127,ENROLLED_IN
S0458,C152,ENROLLED_IN
S0272,C156,ENROLLED_IN
S0272,C151,ENROLLED_IN
S0272,C116,ENROLLED_IN
S0272,C118,ENROLLED_IN
S0115,C135,ENROLLED_IN
S0115,C113,ENROLLED_IN
S0115,C130,ENROLLED_IN
S0115,C147,ENROLLED_IN
S0214,C107,ENROLLED_IN
S0214,C159,ENROLLED_IN
S0214,C110,ENROLLED_IN
S0214,C131,ENROLLED_IN
S0127,C131,ENROLLED_IN
S0127,C137,ENROLLED_IN
S0127,C135,ENROLLED_IN
S0127,C139,ENROLLED_IN
S0106,C158,ENROLLED_IN
S0106,C157,ENROLLED_IN
S0106,C131,ENROLLED_IN
S0106,C121,ENROLLED_IN
S0353,C142,ENROLLED_IN
S0353,C143,ENROLLED_IN
S0353,C146,ENROLLED_IN
S0353,C118,ENROLLED_IN
S0052,C148,ENROLLED_IN
S0052,C126,ENROLLED_IN
S0052,C152,ENROLLED_IN
S0052,C154,ENROLLED_IN
S0069,C112,ENROLLED_IN
S0069,C133,ENROLLED_IN
S0069,C107,ENROLLED_IN
S0069,C159,ENROLLED_IN
S0367,C154,ENROLLED_IN
S0367,C124,ENROLLED_IN
S0367,C107,ENROLLED_IN
S0367,C126,ENROLLED_IN
S0003,C105,ENROLLED_IN
S0003,C155,ENROLLED_IN
S0003,C150,ENROLLED_IN
S0003,C130,ENROLLED_IN
S0180,C145,ENROLLED_IN
S0180,C102,ENROLLED_IN
S0180,C148,ENROLLED_IN
S0180,C158,ENROLLED_IN
S0452,C137,ENROLLED_IN
S0452,C129,ENROLLED_IN
S0452,C145,ENROLLED_IN
S0452,C152,ENROLLED_IN
S0336,C144,ENROLLED_IN
S0336,C109,ENROLLED_IN
S0336,C102,ENROLLED_IN
S0336,C151,ENROLLED_IN
S0035,C158,ENROLLED_IN
S0035,C160,ENROLLED_IN
S0035,C114,ENROLLED_IN
S0035,C113,ENROLLED_IN
S0478,C101,ENROLLED_IN
S0478,C139,ENROLLED_IN
S0478,C123,ENROLLED_IN
S0478,C106,ENROLLED_IN
S0454,C127,ENROLLED_IN
S0454,C154,ENROLLED_IN
S0454,C128,ENROLLED_IN
S0454,C160,ENROLLED_IN
S0385,C116,ENROLLED_IN
S0385,C103,ENROLLED_IN
S0385,C149,ENROLLED_IN
S0385,C114,ENROLLED_IN
S0248,C113,ENROLLED_IN
S0248,C158,ENROLLED_IN
S0248,C118,ENROLLED_IN
S0248,C116,ENROLLED_IN
S0083,C110,ENROLLED_IN
S0083,C109,ENROLLED_IN
S0083,C101,ENROLLED_IN
S0083,C133,ENROLLED_IN
S0125,C155,ENROLLED_IN
S0125,C136,ENROLLED_IN
S0125,C126,ENROLLED_IN
S0125,C124,ENROLLED_IN
S0434,C151,ENROLLED_IN
S0434,C113,ENROLLED_IN
S0434,C141,ENROLLED_IN
S0434,C156,ENROLLED_IN
S0012,C113,ENROLLED_IN
S0012,C160,ENROLLED_IN
S0012,C153,ENROLLED_IN
S0012,C136,ENROLLED_IN
S0311,C107,ENROLLED_IN
S0311,C130,ENROLLED_IN
S0311,C144,ENROLLED_IN
S0311,C143,ENROLLED_IN
S0373,C124,ENROLLED_IN
S0373,C120,ENROLLED_IN
S0373,C118,ENROLLED_IN
S0373,C135,ENROLLED_IN
S0377,C135,ENROLLED_IN
S0377,C143,ENROLLED_IN
S0377,C150,ENROLLED_IN
S0377,C111,ENROLLED_IN
S0150,C125,ENROLLED_IN
S0150,C132,ENROLLED_IN
S0150,C119,ENROLLED_IN
S0150,C121,ENROLLED_IN
S0199,C155,ENROLLED_IN
S0199,C115,ENROLLED_IN
S0199,C106,ENROLLED_IN
S0199,C124,ENROLLED_IN
S0244,C152,ENROLLED_IN
S0244,C145,ENROLLED_IN
S0244,C109,ENROLLED_IN
S0244,C122,ENROLLED_IN
S0380,C159,ENROLLED_IN
S0380,C110,ENROLLED_IN
S0380,C149,ENROLLED_IN
S0380,C131,ENROLLED_IN
S0196,C123,ENROLLED_IN
S0196,C112,ENROLLED_IN
S0196,C109,ENROLLED_IN
S0196,C140,ENROLLED_IN
S0306,C141,ENROLLED_IN
S0306,C129,ENROLLED_IN
S0306,C151,ENROLLED_IN
S0306,C122,ENROLLED_IN
S0019,C116,ENROLLED_IN
S0019,C121,ENROLLED_IN
S0019,C107,ENROLLED_IN
S0019,C103,ENROLLED_IN
S0111,C140,ENROLLED_IN
S0111,C129,ENROLLED_IN
S0111,C142,ENROLLED_IN
S0111,C121,ENROLLED_IN
S0349,C109,ENROLLED_IN
S0349,C158,ENROLLED_IN
S0349,C112,ENROLLED_IN
S0349,C116,ENROLLED_IN
S0128,C111,ENROLLED_IN
S0128,C104,ENROLLED_IN
S0128,C147,ENROLLED_IN
S0128,C115,ENROLLED_IN
S0234,C104,ENROLLED_IN
S0234,C158,ENROLLED_IN
S0234,C120,ENROLLED_IN
S0234,C155,ENROLLED_IN
S0105,C122,ENROLLED_IN
S0105,C145,ENROLLED_IN
S0105,C155,ENROLLED_IN
S0105,C102,ENROLLED_IN
S0168,C114,ENROLLED_IN
S0168,C103,ENROLLED_IN
S0168,C160,ENROLLED_IN
S0168,C126,ENROLLED_IN
S0431,C111,ENROLLED_IN
S0431,C122,ENROLLED_IN
S0431,C128,ENROLLED_IN
S0431,C106,ENROLLED_IN
S0030,C108,ENROLLED_IN
S0030,C129,ENROLLED_IN
S0030,C146,ENROLLED_IN
S0030,C157,ENROLLED_IN
S0482,C119,ENROLLED_IN
S0482,C111,ENROLLED_IN
S0482,C128,ENROLLED_IN
S0482,C104,ENROLLED_IN
S0145,C148,ENROLLED_IN
S0145,C141,ENROLLED_IN
S0145,C111,ENROLLED_IN
S0145,C129,ENROLLED_IN
S0099,C127,ENROLLED_IN
S0099,C114,ENROLLED_IN
S0099,C109,ENROLLED_IN
S0099,C101,ENROLLED_IN
S0159,C101,ENROLLED_IN
S0159,C128,ENROLLED_IN
S0159,C142,ENROLLED_IN
S0159,C147,ENROLLED_IN
S0252,C156,ENROLLED_IN
S0252,C120,ENROLLED_IN
S0252,C151,ENROLLED_IN
S0252,C112,ENROLLED_IN
S0485,C122,ENROLLED_IN
S0485,C143,ENROLLED_IN
S0485,C131,ENROLLED_IN
S0485,C127,ENROLLED_IN
S0419,C127,ENROLLED_IN
S0419,C106,ENROLLED_IN
S0419,C154,ENROLLED_IN
S0419,C116,ENROLLED_IN
S0048,C139,ENROLLED_IN
S0048,C147,ENROLLED_IN
S0048,C124,ENROLLED_IN
S0048,C114,ENROLLED_IN
S0036,C118,ENROLLED_IN
S0036,C106,ENROLLED_IN
S0036,C127,ENROLLED_IN
S0036,C129,ENROLLED_IN
S0066,C119,ENROLLED_IN
S0066,C135,ENROLLED_IN
S0066,C124,ENROLLED_IN
S0066,C158,ENROLLED_IN
S0015,C145,ENROLLED_IN
S0015,C143,ENROLLED_IN
S0015,C123,ENROLLED_IN
S0015,C151,ENROLLED_IN
S0350,C132,ENROLLED_IN
S0350,C125,ENROLLED_IN
S0350,C150,ENROLLED_IN
S0350,C130,ENROLLED_IN
S0143,C121,ENROLLED_IN
S0143,C143,ENROLLED_IN
S0143,C106,ENROLLED_IN
S0143,C120,ENROLLED_IN
S0031,C133,ENROLLED_IN
S0031,C148,ENROLLED_IN
S0031,C115,ENROLLED_IN
S0031,C130,ENROLLED_IN
S0170,C146,ENROLLED_IN
S0170,C141,ENROLLED_IN
S0170,C121,ENROLLED_IN
S0170,C142,ENROLLED_IN
S0415,C113,ENROLLED_IN
S0415,C154,ENROLLED_IN
S0415,C107,ENROLLED_IN
S0415,C158,ENROLLED_IN
S0129,C102,ENROLLED_IN
S0129,C120,ENROLLED_IN
S0129,C124,ENROLLED_IN
S0129,C107,ENROLLED_IN
S0241,C153,ENROLLED_IN
S0241,C136,ENROLLED_IN
S0241,C125,ENROLLED_IN
S0241,C131,ENROLLED_IN
S0480,C107,ENROLLED_IN
S0480,C151,ENROLLED_IN
S0480,C116,ENROLLED_IN
S0480,C145,ENROLLED_IN
S0032,C148,ENROLLED_IN
S0032,C108,ENROLLED_IN
S0032,C107,ENROLLED_IN
S0032,C146,ENROLLED_IN
S0140,C127,ENROLLED_IN
S0140,C150,ENROLLED_IN
S0140,C142,ENROLLED_IN
S0140,C155,ENROLLED_IN
S0185,C132,ENROLLED_IN
S0185,C112,ENROLLED_IN
S0185,C101,ENROLLED_IN
S0185,C103,ENROLLED_IN
S0491,C145,ENROLLED_IN
S0491,C153,ENROLLED_IN
S0491,C118,ENROLLED_IN
S0491,C120,ENROLLED_IN
S0220,C158,ENROLLED_IN
S0220,C126,ENROLLED_IN
S0220,C134,ENROLLED_IN
S0220,C144,ENROLLED_IN
S0085,C138,ENROLLED_IN
S0085,C149,ENROLLED_IN
S0085,C131,ENROLLED_IN
S0085,C158,ENROLLED_IN
S0073,C114,ENROLLED_IN
S0073,C157,ENROLLED_IN
S0073,C158,ENROLLED_IN
S0073,C155,ENROLLED_IN
S0445,C101,ENROLLED_IN
S0445,C116,ENROLLED_IN
S0445,C140,ENROLLED_IN
S0445,C125,ENROLLED_IN
S0103,C158,ENROLLED_IN
S0103,C120,ENROLLED_IN
S0103,C129,ENROLLED_IN
S0103,C110,ENROLLED_IN
S0396,C108,ENROLLED_IN
S0396,C101,ENROLLED_IN
S0396,C114,ENROLLED_IN
S0396,C115,ENROLLED_IN
S0022,C136,ENROLLED_IN
S0022,C159,ENROLLED_IN
S0022,C129,ENROLLED_IN
S0022,C123,ENROLLED_IN
S0420,C153,ENROLLED_IN
S0420,C137,ENROLLED_IN
S0420,C121,ENROLLED_IN
S0420,C105,ENROLLED_IN
S0277,C142,ENROLLED_IN
S0277,C127,ENROLLED_IN
S0277,C114,ENROLLED_IN
S0277,C146,ENROLLED_IN
S0222,C122,ENROLLED_IN
S0222,C116,ENROLLED_IN
S0222,C141,ENROLLED_IN
S0222,C146,ENROLLED_IN
S0423,C156,ENROLLED_IN
S0423,C149,ENROLLED_IN
S0423,C104,ENROLLED_IN
S0423,C155,ENROLLED_IN
S0398,C121,ENROLLED_IN
S0398,C141,ENROLLED_IN
S0398,C103,ENROLLED_IN
S0398,C134,ENROLLED_IN
S0152,C110,ENROLLED_IN
S0152,C126,ENROLLED_IN
S0152,C140,ENROLLED_IN
S0152,C117,ENROLLED_IN
S0327,C106,ENROLLED_IN
S0327,C150,ENROLLED_IN
S0327,C116,ENROLLED_IN
S0327,C112,ENROLLED_IN
S0460,C145,ENROLLED_IN
S0460,C125,ENROLLED_IN
S0460,C143,ENROLLED_IN
S0460,C102,ENROLLED_IN
S0067,C149,ENROLLED_IN
S0067,C126,ENROLLED_IN
S0067,C132,ENROLLED_IN
S0067,C104,ENROLLED_IN
S0315,C103,ENROLLED_IN
S0315,C105,ENROLLED_IN
S0315,C121,ENROLLED_IN
S0315,C109,ENROLLED_IN
S0104,C151,ENROLLED_IN
S0104,C117,ENROLLED_IN
S0104,C134,ENROLLED_IN
S0104,C101,ENROLLED_IN
S0309,C126,ENROLLED_IN
S0309,C101,ENROLLED_IN
S0309,C137,ENROLLED_IN
S0309,C156,ENROLLED_IN
S0390,C123,ENROLLED_IN
S0390,C133,ENROLLED_IN
S0390,C102,ENROLLED_IN
S0390,C134,ENROLLED_IN
S0050,C129,ENROLLED_IN
S0050,C114,ENROLLED_IN
S0050,C120,ENROLLED_IN
S0050,C112,ENROLLED_IN
S0464,C121,ENROLLED_IN
S0464,C120,ENROLLED_IN
S0464,C140,ENROLLED_IN
S0464,C115,ENROLLED_IN
S0037,C160,ENROLLED_IN
S0037,C157,ENROLLED_IN
S0037,C153,ENROLLED_IN
S0037,C152,ENROLLED_IN
S0237,C131,ENROLLED_IN
S0237,C160,ENROLLED_IN
S0237,C123,ENROLLED_IN
S0237,C108,ENROLLED_IN
S0045,C108,ENROLLED_IN
S0045,C147,ENROLLED_IN
S0045,C134,ENROLLED_IN
S0045,C157,ENROLLED_IN
S0086,C107,ENROLLED_IN
S0086,C154,ENROLLED_IN
S0086,C150,ENROLLED_IN
S0086,C127,ENROLLED_IN
S0292,C123,ENROLLED_IN
S0292,C116,ENROLLED_IN
S0292,C101,ENROLLED_IN
S0292,C155,ENROLLED_IN
S0418,C158,ENROLLED_IN
S0418,C142,ENROLLED_IN
S0418,C156,ENROLLED_IN
S0418,C107,ENROLLED_IN
S0304,C120,ENROLLED_IN
S0304,C110,ENROLLED_IN
S0304,C142,ENROLLED_IN
S0304,C122,ENROLLED_IN
S0286,C109,ENROLLED_IN
S0286,C136,ENROLLED_IN
S0286,C146,ENROLLED_IN
S0286,C105,ENROLLED_IN
S0081,C160,ENROLLED_IN
S0081,C117,ENROLLED_IN
S0081,C121,ENROLLED_IN
S0081,C109,ENROLLED_IN
S0219,C147,ENROLLED_IN
S0219,C123,ENROLLED_IN
S0219,C131,ENROLLED_IN
S0219,C143,ENROLLED_IN
S0155,C141,ENROLLED_IN
S0155,C146,ENROLLED_IN
S0155,C125,ENROLLED_IN
S0155,C153,ENROLLED_IN
S0435,C143,ENROLLED_IN
S0435,C140,ENROLLED_IN
S0435,C153,ENROLLED_IN
S0435,C101,ENROLLED_IN
S0146,C139,ENROLLED_IN
S0146,C142,ENROLLED_IN
S0146,C117,ENROLLED_IN
S0146,C124,ENROLLED_IN
S0042,C115,ENROLLED_IN
S0042,C148,ENROLLED_IN
S0042,C144,ENROLLED_IN
S0042,C110,ENROLLED_IN
S0167,C151,ENROLLED_IN
S0167,C108,ENROLLED_IN
S0167,C112,ENROLLED_IN
S0167,C131,ENROLLED_IN
S0071,C130,ENROLLED_IN
S0071,C159,ENROLLED_IN
S0071,C143,ENROLLED_IN
S0071,C101,ENROLLED_IN
S0082,C104,ENROLLED_IN
S0082,C113,ENROLLED_IN
S0082,C148,ENROLLED_IN
S0082,C126,ENROLLED_IN
S0245,C142,ENROLLED_IN
S0245,C117,ENROLLED_IN
S0245,C102,ENROLLED_IN
S0245,C154,ENROLLED_IN
S0378,C115,ENROLLED_IN
S0378,C108,ENROLLED_IN
S0378,C117,ENROLLED_IN
S0378,C109,ENROLLED_IN
S0265,C110,ENROLLED_IN
S0265,C111,ENROLLED_IN
S0265,C155,ENROLLED_IN
S0265,C125,ENROLLED_IN
S0184,C134,ENROLLED_IN
S0184,C152,ENROLLED_IN
S0184,C112,ENROLLED_IN
S0184,C123,ENROLLED_IN
S0363,C116,ENROLLED_IN
S0363,C134,ENROLLED_IN
S0363,C122,ENROLLED_IN
S0363,C157,ENROLLED_IN
S0144,C155,ENROLLED_IN
S0144,C107,ENROLLED_IN
S0144,C137,ENROLLED_IN
S0144,C134,ENROLLED_IN
S0007,C109,ENROLLED_IN
S0007,C136,ENROLLED_IN
S0007,C144,ENROLLED_IN
S0007,C113,ENROLLED_IN
S0203,C115,ENROLLED_IN
S0203,C135,ENROLLED_IN
S0203,C106,ENROLLED_IN
S0203,C157,ENROLLED_IN
S0351,C139,ENROLLED_IN
S0351,C135,ENROLLED_IN
S0351,C105,ENROLLED_IN
S0351,C134,ENROLLED_IN
S0251,C139,ENROLLED_IN
S0251,C131,ENROLLED_IN
S0251,C126,ENROLLED_IN
S0251,C152,ENROLLED_IN
S0437,C126,ENROLLED_IN
S0437,C107,ENROLLED_IN
S0437,C140,ENROLLED_IN
S0437,C109,ENROLLED_IN
S0463,C142,ENROLLED_IN
S0463,C109,ENROLLED_IN
S0463,C111,ENROLLED_IN
S0463,C148,ENROLLED_IN
S0470,C154,ENROLLED_IN
S0470,C101,ENROLLED_IN
S0470,C131,ENROLLED_IN
S0470,C138,ENROLLED_IN
S0078,C151,ENROLLED_IN
S0078,C142,ENROLLED_IN
S0078,C143,ENROLLED_IN
S0078,C132,ENROLLED_IN
S0223,C133,ENROLLED_IN
S0223,C109,ENROLLED_IN
S0223,C144,ENROLLED_IN
S0223,C102,ENROLLED_IN
S0357,C148,ENROLLED_IN
S0357,C117,ENROLLED_IN
S0357,C132,ENROLLED_IN
S0357,C130,ENROLLED_IN
S0262,C148,ENROLLED_IN
S0262,C141,ENROLLED_IN
S0262,C111,ENROLLED_IN
S0262,C103,ENROLLED_IN
S0298,C107,ENROLLED_IN
S0298,C145,ENROLLED_IN
S0298,C106,ENROLLED_IN
S0298,C159,ENROLLED_IN
S0147,C120,ENROLLED_IN
S0147,C128,ENROLLED_IN
S0147,C105,ENROLLED_IN
S0147,C125,ENROLLED_IN
S0192,C140,ENROLLED_IN
S0192,C128,ENROLLED_IN
S0192,C135,ENROLLED_IN
S0192,C137,ENROLLED_IN
S0028,C144,ENROLLED_IN
S0028,C125,ENROLLED_IN
S0028,C143,ENROLLED_IN
S0028,C153,ENROLLED_IN
S0444,C153,ENROLLED_IN
S0444,C104,ENROLLED_IN
S0444,C128,ENROLLED_IN
S0444,C152,ENROLLED_IN
S0027,C158,ENROLLED_IN
S0027,C159,ENROLLED_IN
S0027,C120,ENROLLED_IN
S0027,C101,ENROLLED_IN
S0260,C115,ENROLLED_IN
S0260,C135,ENROLLED_IN
S0260,C117,ENROLLED_IN
S0260,C154,ENROLLED_IN
S0310,C106,ENROLLED_IN
S0310,C155,ENROLLED_IN
S0310,C121,ENROLLED_IN
S0310,C104,ENROLLED_IN
S0278,C147,ENROLLED_IN
S0278,C153,ENROLLED_IN
S0278,C129,ENROLLED_IN
S0278,C105,ENROLLED_IN
S0347,C108,ENROLLED_IN
S0347,C131,ENROLLED_IN
S0347,C141,ENROLLED_IN
S0347,C150,ENROLLED_IN
S0183,C118,ENROLLED_IN
S0183,C107,ENROLLED_IN
S0183,C103,ENROLLED_IN
S0183,C109,ENROLLED_IN
S0282,C160,ENROLLED_IN
S0282,C110,ENROLLED_IN
S0282,C124,ENROLLED_IN
S0282,C142,ENROLLED_IN
S0322,C121,ENROLLED_IN
S0322,C110,ENROLLED_IN
S0322,C101,ENROLLED_IN
S0322,C139,ENROLLED_IN
S0328,C102,ENROLLED_IN
S0328,C153,ENROLLED_IN
S0328,C157,ENROLLED_IN
S0328,C113,ENROLLED_IN
S0348,C124,ENROLLED_IN
S0348,C114,ENROLLED_IN
S0348,C116,ENROLLED_IN
S0348,C113,ENROLLED_IN
S0302,C108,ENROLLED_IN
S0302,C109,ENROLLED_IN
S0302,C103,ENROLLED_IN
S0302,C143,ENROLLED_IN
S0176,C160,ENROLLED_IN
S0176,C107,ENROLLED_IN
S0176,C145,ENROLLED_IN
S0176,C122,ENROLLED_IN
S0228,C126,ENROLLED_IN
S0228,C106,ENROLLED_IN
S0228,C134,ENROLLED_IN
S0228,C144,ENROLLED_IN
S0205,C157,ENROLLED_IN
S0205,C159,ENROLLED_IN
S0205,C112,ENROLLED_IN
S0205,C133,ENROLLED_IN
S0217,C155,ENROLLED_IN
S0217,C153,ENROLLED_IN
S0217,C133,ENROLLED_IN
S0217,C112,ENROLLED_IN
S0208,C133,ENROLLED_IN
S0208,C138,ENROLLED_IN
S0208,C106,ENROLLED_IN
S0208,C131,ENROLLED_IN
S0391,C160,ENROLLED_IN
S0391,C109,ENROLLED_IN
S0391,C116,ENROLLED_IN
S0391,C131,ENROLLED_IN
S0340,C145,ENROLLED_IN
S0340,C132,ENROLLED_IN
S0340,C110,ENROLLED_IN
S0340,C140,ENROLLED_IN
S0335,C101,ENROLLED_IN
S0335,C121,ENROLLED_IN
S0335,C130,ENROLLED_IN
S0335,C147,ENROLLED_IN
S0406,C114,ENROLLED_IN
S0406,C110,ENROLLED_IN
S0406,C160,ENROLLED_IN
S0406,C112,ENROLLED_IN
S0198,C135,ENROLLED_IN
S0198,C157,ENROLLED_IN
S0198,C131,ENROLLED_IN
S0198,C148,ENROLLED_IN
S0433,C150,ENROLLED_IN
S0433,C147,ENROLLED_IN
S0433,C111,ENROLLED_IN
S0433,C139,ENROLLED_IN
S0329,C119,ENROLLED_IN
S0329,C115,ENROLLED_IN
S0329,C129,ENROLLED_IN
S0329,C150,ENROLLED_IN
S0479,C139,ENROLLED_IN
S0479,C147,ENROLLED_IN
S0479,C129,ENROLLED_IN
S0479,C121,ENROLLED_IN
S0358,C119,ENROLLED_IN
S0358,C127,ENROLLED_IN
S0358,C152,ENROLLED_IN
S0358,C125,ENROLLED_IN
S0467,C152,ENROLLED_IN
S0467,C103,ENROLLED_IN
S0467,C151,ENROLLED_IN
S0467,C122,ENROLLED_IN
S0428,C108,ENROLLED_IN
S0428,C112,ENROLLED_IN
S0428,C135,ENROLLED_IN
S0428,C160,ENROLLED_IN
S0461,C137,ENROLLED_IN
S0461,C106,ENROLLED_IN
S0461,C118,ENROLLED_IN
S0461,C134,ENROLLED_IN
S0332,C147,ENROLLED_IN
S0332,C116,ENROLLED_IN
S0332,C111,ENROLLED_IN
S0332,C121,ENROLLED_IN
S0136,C153,ENROLLED_IN
S0136,C144,ENROLLED_IN
S0136,C137,ENROLLED_IN
S0136,C147,ENROLLED_IN
S0448,C153,ENROLLED_IN
S0448,C107,ENROLLED_IN
S0448,C101,ENROLLED_IN
S0448,C121,ENROLLED_IN
S0242,C156,ENROLLED_IN
S0242,C127,ENROLLED_IN
S0242,C106,ENROLLED_IN
S0242,C154,ENROLLED_IN
S0242,C115,ENROLLED_IN
S0004,C160,ENROLLED_IN
S0004,C156,ENROLLED_IN
S0004,C101,ENROLLED_IN
S0004,C105,ENROLLED_IN
S0004,C150,ENROLLED_IN
S0457,C124,ENROLLED_IN
S0457,C151,ENROLLED_IN
S0457,C102,ENROLLED_IN
S0457,C132,ENROLLED_IN
S0457,C154,ENROLLED_IN
S0299,C109,ENROLLED_IN
S0299,C136,ENROLLED_IN
S0299,C150,ENROLLED_IN
S0299,C155,ENROLLED_IN
S0299,C158,ENROLLED_IN
S0284,C102,ENROLLED_IN
S0284,C130,ENROLLED_IN
S0284,C128,ENROLLED_IN
S0284,C140,ENROLLED_IN
S0284,C104,ENROLLED_IN
S0064,C128,ENROLLED_IN
S0064,C135,ENROLLED_IN
S0064,C114,ENROLLED_IN
S0064,C119,ENROLLED_IN
S0064,C124,ENROLLED_IN
S0089,C139,ENROLLED_IN
S0089,C122,ENROLLED_IN
S0089,C112,ENROLLED_IN
S0089,C138,ENROLLED_IN
S0089,C127,ENROLLED_IN
S0432,C107,ENROLLED_IN
S0432,C159,ENROLLED_IN
S0432,C157,ENROLLED_IN
S0432,C133,ENROLLED_IN
S0432,C152,ENROLLED_IN
S0097,C134,ENROLLED_IN
S0097,C123,ENROLLED_IN
S0097,C131,ENROLLED_IN
S0097,C132,ENROLLED_IN
S0097,C113,ENROLLED_IN
S0157,C151,ENROLLED_IN
S0157,C138,ENROLLED_IN
S0157,C139,ENROLLED_IN
S0157,C160,ENROLLED_IN
S0157,C153,ENROLLED_IN
S0164,C155,ENROLLED_IN
S0164,C112,ENROLLED_IN
S0164,C107,ENROLLED_IN
S0164,C153,ENROLLED_IN
S0164,C136,ENROLLED_IN
S0288,C113,ENROLLED_IN
S0288,C114,ENROLLED_IN
S0288,C146,ENROLLED_IN
S0288,C135,ENROLLED_IN
S0288,C132,ENROLLED_IN
S0202,C153,ENROLLED_IN
S0202,C156,ENROLLED_IN
S0202,C111,ENROLLED_IN
S0202,C116,ENROLLED_IN
S0202,C142,ENROLLED_IN
S0275,C117,ENROLLED_IN
S0275,C111,ENROLLED_IN
S0275,C135,ENROLLED_IN
S0275,C159,ENROLLED_IN
S0275,C131,ENROLLED_IN
S0033,C148,ENROLLED_IN
S0033,C124,ENROLLED_IN
S0033,C134,ENROLLED_IN
S0033,C155,ENROLLED_IN
S0033,C113,ENROLLED_IN
S0382,C110,ENROLLED_IN
S0382,C123,ENROLLED_IN
S0382,C118,ENROLLED_IN
S0382,C152,ENROLLED_IN
S0382,C111,ENROLLED_IN
S0246,C121,ENROLLED_IN
S0246,C102,ENROLLED_IN
S0246,C126,ENROLLED_IN
S0246,C156,ENROLLED_IN
S0246,C108,ENROLLED_IN
S0451,C150,ENROLLED_IN
S0451,C110,ENROLLED_IN
S0451,C143,ENROLLED_IN
S0451,C111,ENROLLED_IN
S0451,C101,ENROLLED_IN
S0092,C109,ENROLLED_IN
S0092,C120,ENROLLED_IN
S0092,C126,ENROLLED_IN
S0092,C133,ENROLLED_IN
S0092,C135,ENROLLED_IN
S0193,C147,ENROLLED_IN
S0193,C109,ENROLLED_IN
S0193,C133,ENROLLED_IN
S0193,C138,ENROLLED_IN
S0193,C130,ENROLLED_IN
S0046,C111,ENROLLED_IN
S0046,C137,ENROLLED_IN
S0046,C139,ENROLLED_IN
S0046,C140,ENROLLED_IN
S0046,C145,ENROLLED_IN
S0197,C157,ENROLLED_IN
S0197,C124,ENROLLED_IN
S0197,C153,ENROLLED_IN
S0197,C151,ENROLLED_IN
S0197,C109,ENROLLED_IN
S0289,C110,ENROLLED_IN
S0289,C114,ENROLLED_IN
S0289,C145,ENROLLED_IN
S0289,C119,ENROLLED_IN
S0289,C149,ENROLLED_IN
S0338,C140,ENROLLED_IN
S0338,C141,ENROLLED_IN
S0338,C113,ENROLLED_IN
S0338,C129,ENROLLED_IN
S0338,C147,ENROLLED_IN
S0112,C116,ENROLLED_IN
S0112,C109,ENROLLED_IN
S0112,C145,ENROLLED_IN
S0112,C131,ENROLLED_IN
S0112,C148,ENROLLED_IN
S0132,C122,ENROLLED_IN
S0132,C114,ENROLLED_IN
S0132,C115,ENROLLED_IN
S0132,C132,ENROLLED_IN
S0132,C130,ENROLLED_IN
S0225,C133,ENROLLED_IN
S0225,C102,ENROLLED_IN
S0225,C154,ENROLLED_IN
S0225,C114,ENROLLED_IN
S0225,C150,ENROLLED_IN
S0006,C154,ENROLLED_IN
S0006,C145,ENROLLED_IN
S0006,C139,ENROLLED_IN
S0006,C113,ENROLLED_IN
S0006,C119,ENROLLED_IN
S0087,C132,ENROLLED_IN
S0087,C138,ENROLLED_IN
S0087,C104,ENROLLED_IN
S0087,C140,ENROLLED_IN
S0087,C144,ENROLLED_IN
S0231,C133,ENROLLED_IN
S0231,C105,ENROLLED_IN
S0231,C144,ENROLLED_IN
S0231,C134,ENROLLED_IN
S0231,C128,ENROLLED_IN
S0484,C157,ENROLLED_IN
S0484,C115,ENROLLED_IN
S0484,C140,ENROLLED_IN
S0484,C105,ENROLLED_IN
S0484,C106,ENROLLED_IN
S0049,C110,ENROLLED_IN
S0049,C108,ENROLLED_IN
S0049,C158,ENROLLED_IN
S0049,C103,ENROLLED_IN
S0049,C120,ENROLLED_IN
S0255,C152,ENROLLED_IN
S0255,C159,ENROLLED_IN
S0255,C137,ENROLLED_IN
S0255,C116,ENROLLED_IN
S0255,C101,ENROLLED_IN
S0354,C149,ENROLLED_IN
S0354,C105,ENROLLED_IN
S0354,C102,ENROLLED_IN
S0354,C146,ENROLLED_IN
S0354,C115,ENROLLED_IN
S0397,C130,ENROLLED_IN
S0397,C160,ENROLLED_IN
S0397,C108,ENROLLED_IN
S0397,C134,ENROLLED_IN
S0397,C123,ENROLLED_IN
S0141,C120,ENROLLED_IN
S0141,C128,ENROLLED_IN
S0141,C116,ENROLLED_IN
S0141,C146,ENROLLED_IN
S0141,C136,ENROLLED_IN
S0339,C130,ENROLLED_IN
S0339,C108,ENROLLED_IN
S0339,C105,ENROLLED_IN
S0339,C123,ENROLLED_IN
S0339,C110,ENROLLED_IN
S0471,C115,ENROLLED_IN
S0471,C150,ENROLLED_IN
S0471,C144,ENROLLED_IN
S0471,C103,ENROLLED_IN
S0471,C138,ENROLLED_IN
S0280,C102,ENROLLED_IN
S0280,C159,ENROLLED_IN
S0280,C149,ENROLLED_IN
S0280,C118,ENROLLED_IN
S0280,C111,ENROLLED_IN
S0475,C125,ENROLLED_IN
S0475,C113,ENROLLED_IN
S0475,C145,ENROLLED_IN
S0475,C124,ENROLLED_IN
S0475,C105,ENROLLED_IN
S0270,C151,ENROLLED_IN
S0270,C111,ENROLLED_IN
S0270,C120,ENROLLED_IN
S0270,C139,ENROLLED_IN
S0270,C140,ENROLLED_IN
S0465,C156,ENROLLED_IN
S0465,C110,ENROLLED_IN
S0465,C107,ENROLLED_IN
S0465,C105,ENROLLED_IN
S0465,C141,ENROLLED_IN
S0076,C137,ENROLLED_IN
S0076,C150,ENROLLED_IN
S0076,C123,ENROLLED_IN
S0076,C122,ENROLLED_IN
S0076,C114,ENROLLED_IN
S0313,C133,ENROLLED_IN
S0313,C147,ENROLLED_IN
S0313,C155,ENROLLED_IN
S0313,C157,ENROLLED_IN
S0313,C146,ENROLLED_IN
S0179,C129,ENROLLED_IN
S0179,C145,ENROLLED_IN
S0179,C155,ENROLLED_IN
S0179,C149,ENROLLED_IN
S0179,C123,ENROLLED_IN
S0018,C106,ENROLLED_IN
S0018,C126,ENROLLED_IN
S0018,C150,ENROLLED_IN
S0018,C111,ENROLLED_IN
S0018,C118,ENROLLED_IN
S0412,C102,ENROLLED_IN
S0412,C136,ENROLLED_IN
S0412,C104,ENROLLED_IN
S0412,C152,ENROLLED_IN
S0412,C126,ENROLLED_IN
S0301,C121,ENROLLED_IN
S0301,C103,ENROLLED_IN
S0301,C119,ENROLLED_IN
S0301,C135,ENROLLED_IN
S0301,C134,ENROLLED_IN
S0213,C133,ENROLLED_IN
S0213,C156,ENROLLED_IN
S0213,C154,ENROLLED_IN
S0213,C122,ENROLLED_IN
S0213,C116,ENROLLED_IN
S0421,C141,ENROLLED_IN
S0421,C123,ENROLLED_IN
S0421,C129,ENROLLED_IN
S0421,C134,ENROLLED_IN
S0421,C115,ENROLLED_IN
S0416,C108,ENROLLED_IN
S0416,C139,ENROLLED_IN
S0416,C107,ENROLLED_IN
S0416,C112,ENROLLED_IN
S0416,C110,ENROLLED_IN
S0417,C113,ENROLLED_IN
S0417,C151,ENROLLED_IN
S0417,C125,ENROLLED_IN
S0417,C158,ENROLLED_IN
S0417,C149,ENROLLED_IN
S0065,C119,ENROLLED_IN
S0065,C104,ENROLLED_IN
S0065,C137,ENROLLED_IN
S0065,C154,ENROLLED_IN
S0065,C115,ENROLLED_IN
S0257,C140,ENROLLED_IN
S0257,C105,ENROLLED_IN
S0257,C110,ENROLLED_IN
S0257,C112,ENROLLED_IN
S0257,C154,ENROLLED_IN
S0160,C135,ENROLLED_IN
S0160,C127,ENROLLED_IN
S0160,C117,ENROLLED_IN
S0160,C110,ENROLLED_IN
S0160,C116,ENROLLED_IN
S0108,C154,ENROLLED_IN
S0108,C157,ENROLLED_IN
S0108,C135,ENROLLED_IN
S0108,C146,ENROLLED_IN
S0108,C122,ENROLLED_IN
S0446,C102,ENROLLED_IN
S0446,C133,ENROLLED_IN
S0446,C134,ENROLLED_IN
S0446,C149,ENROLLED_IN
S0446,C156,ENROLLED_IN
S0342,C107,ENROLLED_IN
S0342,C147,ENROLLED_IN
S0342,C123,ENROLLED_IN
S0342,C121,ENROLLED_IN
S0342,C141,ENROLLED_IN
S0323,C114,ENROLLED_IN
S0323,C116,ENROLLED_IN
S0323,C121,ENROLLED_IN
S0323,C151,ENROLLED_IN
S0323,C140,ENROLLED_IN
S0055,C154,ENROLLED_IN
S0055,C134,ENROLLED_IN
S0055,C118,ENROLLED_IN
S0055,C121,ENROLLED_IN
S0055,C126,ENROLLED_IN
S0137,C105,ENROLLED_IN
S0137,C152,ENROLLED_IN
S0137,C125,ENROLLED_IN
S0137,C157,ENROLLED_IN
S0137,C111,ENROLLED_IN
S0300,C157,ENROLLED_IN
S0300,C119,ENROLLED_IN
S0300,C145,ENROLLED_IN
S0300,C108,ENROLLED_IN
S0300,C121,ENROLLED_IN
S0481,C149,ENROLLED_IN
S0481,C147,ENROLLED_IN
S0481,C108,ENROLLED_IN
S0481,C112,ENROLLED_IN
S0481,C159,ENROLLED_IN
S0174,C138,ENROLLED_IN
S0174,C114,ENROLLED_IN
S0174,C133,ENROLLED_IN
S0174,C116,ENROLLED_IN
S0174,C127,ENROLLED_IN
S0296,C149,ENROLLED_IN
S0296,C102,ENROLLED_IN
S0296,C111,ENROLLED_IN
S0296,C139,ENROLLED_IN
S0296,C131,ENROLLED_IN
S0330,C110,ENROLLED_IN
S0330,C104,ENROLLED_IN
S0330,C127,ENROLLED_IN
S0330,C157,ENROLLED_IN
S0330,C102,ENROLLED_IN
S0429,C141,ENROLLED_IN
S0429,C153,ENROLLED_IN
S0429,C104,ENROLLED_IN
S0429,C150,ENROLLED_IN
S0429,C109,ENROLLED_IN
S0001,C110,ENROLLED_IN
S0001,C140,ENROLLED_IN
S0001,C121,ENROLLED_IN
S0001,C101,ENROLLED_IN
S0001,C138,ENROLLED_IN
S0487,C149,ENROLLED_IN
S0487,C135,ENROLLED_IN
S0487,C159,ENROLLED_IN
S0487,C129,ENROLLED_IN
S0487,C104,ENROLLED_IN
S0379,C113,ENROLLED_IN
S0379,C142,ENROLLED_IN
S0379,C156,ENROLLED_IN
S0379,C139,ENROLLED_IN
S0379,C126,ENROLLED_IN
S0439,C135,ENROLLED_IN
S0439,C157,ENROLLED_IN
S0439,C154,ENROLLED_IN
S0439,C117,ENROLLED_IN
S0439,C123,ENROLLED_IN
S0054,C130,ENROLLED_IN
S0054,C155,ENROLLED_IN
S0054,C142,ENROLLED_IN
S0054,C123,ENROLLED_IN
S0054,C138,ENROLLED_IN
S0171,C114,ENROLLED_IN
S0171,C148,ENROLLED_IN
S0171,C119,ENROLLED_IN
S0171,C112,ENROLLED_IN
S0171,C115,ENROLLED_IN
S0455,C120,ENROLLED_IN
S0455,C136,ENROLLED_IN
S0455,C108,ENROLLED_IN
S0455,C125,ENROLLED_IN
S0455,C111,ENROLLED_IN
S0040,C141,ENROLLED_IN
S0040,C106,ENROLLED_IN
S0040,C156,ENROLLED_IN
S0040,C117,ENROLLED_IN
S0040,C111,ENROLLED_IN
S0355,C113,ENROLLED_IN
S0355,C131,ENROLLED_IN
S0355,C101,ENROLLED_IN
S0355,C129,ENROLLED_IN
S0355,C132,ENROLLED_IN
S0059,C118,ENROLLED_IN
S0059,C128,ENROLLED_IN
S0059,C157,ENROLLED_IN
S0059,C135,ENROLLED_IN
S0059,C145,ENROLLED_IN
S0476,C159,ENROLLED_IN
S0476,C139,ENROLLED_IN
S0476,C118,ENROLLED_IN
S0476,C144,ENROLLED_IN
S0476,C154,ENROLLED_IN
S0062,C149,ENROLLED_IN
S0062,C136,ENROLLED_IN
S0062,C144,ENROLLED_IN
S0062,C131,ENROLLED_IN
S0062,C122,ENROLLED_IN
S0449,C147,ENROLLED_IN
S0449,C142,ENROLLED_IN
S0449,C120,ENROLLED_IN
S0449,C145,ENROLLED_IN
S0449,C127,ENROLLED_IN
S0148,C123,ENROLLED_IN
S0148,C137,ENROLLED_IN
S0148,C141,ENROLLED_IN
S0148,C121,ENROLLED_IN
S0148,C159,ENROLLED_IN
S0308,C141,ENROLLED_IN
S0308,C105,ENROLLED_IN
S0308,C103,ENROLLED_IN
S0308,C111,ENROLLED_IN
S0308,C148,ENROLLED_IN
S0200,C111,ENROLLED_IN
S0200,C141,ENROLLED_IN
S0200,C110,ENROLLED_IN
S0200,C129,ENROLLED_IN
S0200,C125,ENROLLED_IN
S0281,C120,ENROLLED_IN
S0281,C126,ENROLLED_IN
S0281,C153,ENROLLED_IN
S0281,C137,ENROLLED_IN
S0281,C139,ENROLLED_IN
S0319,C117,ENROLLED_IN
S0319,C112,ENROLLED_IN
S0319,C126,ENROLLED_IN
S0319,C104,ENROLLED_IN
S0319,C135,ENROLLED_IN
S0343,C150,ENROLLED_IN
S0343,C116,ENROLLED_IN
S0343,C107,ENROLLED_IN
S0343,C105,ENROLLED_IN
S0343,C117,ENROLLED_IN
S0468,C126,ENROLLED_IN
S0468,C138,ENROLLED_IN
S0468,C145,ENROLLED_IN
S0468,C159,ENROLLED_IN
S0468,C150,ENROLLED_IN
S0498,C142,ENROLLED_IN
S0498,C140,ENROLLED_IN
S0498,C117,ENROLLED_IN
S0498,C121,ENROLLED_IN
S0498,C128,ENROLLED_IN
S0473,C160,ENROLLED_IN
S0473,C101,ENROLLED_IN
S0473,C113,ENROLLED_IN
S0473,C109,ENROLLED_IN
S0473,C145,ENROLLED_IN
S0021,C110,ENROLLED_IN
S0021,C115,ENROLLED_IN
S0021,C114,ENROLLED_IN
S0021,C136,ENROLLED_IN
S0021,C103,ENROLLED_IN
S0386,C132,ENROLLED_IN
S0386,C147,ENROLLED_IN
S0386,C122,ENROLLED_IN
S0386,C125,ENROLLED_IN
S0386,C139,ENROLLED_IN
S0276,C138,ENROLLED_IN
S0276,C106,ENROLLED_IN
S0276,C128,ENROLLED_IN
S0276,C139,ENROLLED_IN
S0276,C102,ENROLLED_IN
S0173,C117,ENROLLED_IN
S0173,C160,ENROLLED_IN
S0173,C110,ENROLLED_IN
S0173,C101,ENROLLED_IN
S0173,C118,ENROLLED_IN
S0426,C113,ENROLLED_IN
S0426,C106,ENROLLED_IN
S0426,C155,ENROLLED_IN
S0426,C110,ENROLLED_IN
S0426,C149,ENROLLED_IN
S0139,C160,ENROLLED_IN
S0139,C103,ENROLLED_IN
S0139,C119,ENROLLED_IN
S0139,C109,ENROLLED_IN
S0139,C110,ENROLLED_IN
S0295,C158,ENROLLED_IN
S0295,C137,ENROLLED_IN
S0295,C129,ENROLLED_IN
S0295,C141,ENROLLED_IN
S0295,C139,ENROLLED_IN
S0189,C121,ENROLLED_IN
S0189,C154,ENROLLED_IN
S0189,C146,ENROLLED_IN
S0189,C155,ENROLLED_IN
S0189,C107,ENROLLED_IN
S0499,C111,ENROLLED_IN
S0499,C123,ENROLLED_IN
S0499,C146,ENROLLED_IN
S0499,C130,ENROLLED_IN
S0499,C119,ENROLLED_IN
S0229,C154,ENROLLED_IN
S0229,C114,ENROLLED_IN
S0229,C149,ENROLLED_IN
S0229,C127,ENROLLED_IN
S0229,C104,ENROLLED_IN
S0118,C150,ENROLLED_IN
S0118,C129,ENROLLED_IN
S0118,C116,ENROLLED_IN
S0118,C101,ENROLLED_IN
S0118,C119,ENROLLED_IN
T001,C139,TEACHES
T001,C124,TEACHES
T001,C155,TEACHES
T002,C112,TEACHES
T002,C117,TEACHES
T002,C121,TEACHES
T003,C156,TEACHES
T003,C159,TEACHES
T003,C134,TEACHES
T004,C120,TEACHES
T004,C110,TEACHES
T004,C137,TEACHES
T005,C132,TEACHES
T005,C146,TEACHES
T005,C131,TEACHES
T006,C150,TEACHES
T006,C104,TEACHES
T006,C122,TEACHES
T007,C151,TEACHES
T007,C105,TEACHES
T007,C130,TEACHES
T008,C111,TEACHES
T008,C160,TEACHES
T008,C123,TEACHES
T009,C142,TEACHES
T009,C125,TEACHES
T009,C101,TEACHES
T010,C145,TEACHES
T010,C126,TEACHES
T010,C153,TEACHES
T011,C119,TEACHES
T011,C129,TEACHES
T011,C140,TEACHES
T012,C127,TEACHES
T012,C149,TEACHES
T012,C113,TEACHES
T013,C136,TEACHES
T013,C143,TEACHES
T013,C133,TEACHES
T014,C154,TEACHES
T014,C114,TEACHES
T014,C147,TEACHES
T015,C158,TEACHES
T015,C103,TEACHES
T015,C128,TEACHES
T016,C138,TEACHES
T016,C106,TEACHES
T016,C135,TEACHES
T017,C152,TEACHES
T017,C144,TEACHES
T017,C107,TEACHES
T018,C157,TEACHES
T018,C109,TEACHES
T018,C115,TEACHES
T019,C116,TEACHES
T019,C118,TEACHES
T019,C148,TEACHES
T020,C102,TEACHES
T020,C108,TEACHES
T020,C141,TEACHES
S0497,A0001,LIVES_AT
S0435,A0001,LIVES_AT
S0149,A0001,LIVES_AT
S0154,A0001,LIVES_AT
S0188,A0002,LIVES_AT
S0201,A0002,LIVES_AT
S0231,A0002,LIVES_AT
S0084,A0002,LIVES_AT
SUSP1,A0002,LIVES_AT
S0229,A0003,LIVES_AT
S0416,A0003,LIVES_AT
S0449,A0003,LIVES_AT
S0476,A0003,LIVES_AT
S0060,A0004,LIVES_AT
S0470,A0004,LIVES_AT
S0380,A0004,LIVES_AT
S0386,A0004,LIVES_AT
S0492,A0005,LIVES_AT
S0303,A0005,LIVES_AT
S0421,A0005,LIVES_AT
S0104,A0005,LIVES_AT
S0241,A0006,LIVES_AT
S0167,A0006,LIVES_AT
S0316,A0006,LIVES_AT
S0286,A0006,LIVES_AT
S0304,A0007,LIVES_AT
S0173,A0007,LIVES_AT
S0179,A0007,LIVES_AT
S0266,A0007,LIVES_AT
S0356,A0008,LIVES_AT
S0308,A0008,LIVES_AT
S0434,A0008,LIVES_AT
S0346,A0008,LIVES_AT
S0410,A0009,LIVES_AT
S0013,A0009,LIVES_AT
S0093,A0009,LIVES_AT
S0465,A0009,LIVES_AT
S0101,A0010,LIVES_AT
S0185,A0010,LIVES_AT
S0022,A0010,LIVES_AT
S0119,A0010,LIVES_AT
S0315,A0011,LIVES_AT
S0197,A0011,LIVES_AT
S0415,A0011,LIVES_AT
S0490,A0011,LIVES_AT
S0089,A0012,LIVES_AT
S0432,A0012,LIVES_AT
S0408,A0012,LIVES_AT
S0457,A0012,LIVES_AT
S0484,A0013,LIVES_AT
S0219,A0013,LIVES_AT
S0355,A0013,LIVES_AT
S0320,A0013,LIVES_AT
S0141,A0014,LIVES_AT
S0202,A0014,LIVES_AT
S0402,A0014,LIVES_AT
S0248,A0014,LIVES_AT
S0255,A0015,LIVES_AT
S0239,A0015,LIVES_AT
S0262,A0015,LIVES_AT
S0317,A0015,LIVES_AT
S0494,A0016,LIVES_AT
S0132,A0016,LIVES_AT
S0388,A0016,LIVES_AT
S0076,A0016,LIVES_AT
S0165,A0017,LIVES_AT
S0340,A0017,LIVES_AT
S0156,A0017,LIVES_AT
S0131,A0017,LIVES_AT
S0358,A0018,LIVES_AT
S0180,A0018,LIVES_AT
S0177,A0018,LIVES_AT
S0148,A0018,LIVES_AT
S0469,A0019,LIVES_AT
S0252,A0019,LIVES_AT
S0190,A0019,LIVES_AT
S0334,A0019,LIVES_AT
S0016,A0020,LIVES_AT
S0097,A0020,LIVES_AT
S0451,A0020,LIVES_AT
S0120,A0020,LIVES_AT
S0379,A0021,LIVES_AT
S0483,A0021,LIVES_AT
S0246,A0021,LIVES_AT
S0442,A0021,LIVES_AT
S0067,A0022,LIVES_AT
S0183,A0022,LIVES_AT
S0453,A0022,LIVES_AT
S0462,A0022,LIVES_AT
S0403,A0023,LIVES_AT
S0498,A0023,LIVES_AT
S0074,A0023,LIVES_AT
S0339,A0023,LIVES_AT
S0290,A0024,LIVES_AT
S0115,A0024,LIVES_AT
S0337,A0024,LIVES_AT
S0100,A0024,LIVES_AT
S0139,A0025,LIVES_AT
S0159,A0025,LIVES_AT
S0117,A0025,LIVES_AT
S0326,A0025,LIVES_AT
S0212,A0026,LIVES_AT
S0189,A0026,LIVES_AT
S0005,A0026,LIVES_AT
S0107,A0026,LIVES_AT
S0075,A0027,LIVES_AT
S0023,A0027,LIVES_AT
S0222,A0027,LIVES_AT
S0015,A0027,LIVES_AT
S0378,A0028,LIVES_AT
S0463,A0028,LIVES_AT
S0169,A0028,LIVES_AT
S0108,A0028,LIVES_AT
S0087,A0029,LIVES_AT
S0411,A0029,LIVES_AT
S0400,A0029,LIVES_AT
S0426,A0029,LIVES_AT
S0045,A0030,LIVES_AT
S0468,A0030,LIVES_AT
S0362,A0030,LIVES_AT
S0009,A0030,LIVES_AT
S0187,A0031,LIVES_AT
S0270,A0031,LIVES_AT
S0043,A0031,LIVES_AT
S0133,A0031,LIVES_AT
S0481,A0032,LIVES_AT
S0298,A0032,LIVES_AT
S0365,A0032,LIVES_AT
S0417,A0032,LIVES_AT
S0459,A0033,LIVES_AT
S0242,A0033,LIVES_AT
S0347,A0033,LIVES_AT
S0352,A0033,LIVES_AT
S0052,A0034,LIVES_AT
S0479,A0034,LIVES_AT
S0268,A0034,LIVES_AT
S0218,A0034,LIVES_AT
S0287,A0035,LIVES_AT
S0493,A0035,LIVES_AT
S0436,A0035,LIVES_AT
S0069,A0035,LIVES_AT
S0295,A0036,LIVES_AT
S0146,A0036,LIVES_AT
S0336,A0036,LIVES_AT
S0292,A0036,LIVES_AT
S0007,A0037,LIVES_AT
S0106,A0037,LIVES_AT
S0046,A0037,LIVES_AT
S0178,A0037,LIVES_AT
S0061,A0038,LIVES_AT
S0203,A0038,LIVES_AT
S0259,A0038,LIVES_AT
S0327,A0038,LIVES_AT
S0091,A0039,LIVES_AT
S0224,A0039,LIVES_AT
S0064,A0039,LIVES_AT
S0199,A0039,LIVES_AT
S0439,A0040,LIVES_AT
S0309,A0040,LIVES_AT
S0318,A0040,LIVES_AT
S0429,A0040,LIVES_AT
S0371,A0041,LIVES_AT
S0373,A0041,LIVES_AT
S0111,A0041,LIVES_AT
S0038,A0041,LIVES_AT
S0297,A0042,LIVES_AT
S0150,A0042,LIVES_AT
S0228,A0042,LIVES_AT
S0418,A0042,LIVES_AT
S0448,A0043,LIVES_AT
S0314,A0043,LIVES_AT
S0020,A0043,LIVES_AT
S0029,A0043,LIVES_AT
S0216,A0044,LIVES_AT
S0144,A0044,LIVES_AT
S0301,A0044,LIVES_AT
S0204,A0044,LIVES_AT
S0114,A0045,LIVES_AT
S0263,A0045,LIVES_AT
S0367,A0045,LIVES_AT
S0164,A0045,LIVES_AT
S0234,A0046,LIVES_AT
S0305,A0046,LIVES_AT
S0422,A0046,LIVES_AT
S0012,A0046,LIVES_AT
S0486,A0047,LIVES_AT
S0427,A0047,LIVES_AT
S0194,A0047,LIVES_AT
S0024,A0047,LIVES_AT
S0014,A0048,LIVES_AT
S0401,A0048,LIVES_AT
S0126,A0048,LIVES_AT
S0236,A0048,LIVES_AT
S0208,A0049,LIVES_AT
S0163,A0049,LIVES_AT
S0176,A0049,LIVES_AT
S0053,A0049,LIVES_AT
S0088,A0050,LIVES_AT
S0184,A0050,LIVES_AT
S0054,A0050,LIVES_AT
S0155,A0050,LIVES_AT
S0313,A0051,LIVES_AT
S0070,A0051,LIVES_AT
S0040,A0051,LIVES_AT
S0213,A0051,LIVES_AT
S0191,A0052,LIVES_AT
S0332,A0052,LIVES_AT
S0274,A0052,LIVES_AT
S0235,A0052,LIVES_AT
S0269,A0053,LIVES_AT
S0027,A0053,LIVES_AT
S0357,A0053,LIVES_AT
S0419,A0053,LIVES_AT
S0142,A0054,LIVES_AT
S0210,A0054,LIVES_AT
S0171,A0054,LIVES_AT
S0398,A0054,LIVES_AT
S0256,A0055,LIVES_AT
S0168,A0055,LIVES_AT
S0267,A0055,LIVES_AT
S0157,A0055,LIVES_AT
S0078,A0056,LIVES_AT
S0181,A0056,LIVES_AT
S0140,A0056,LIVES_AT
S0214,A0056,LIVES_AT
S0455,A0057,LIVES_AT
S0409,A0057,LIVES_AT
S0073,A0057,LIVES_AT
S0095,A0057,LIVES_AT
S0063,A0058,LIVES_AT
S0377,A0058,LIVES_AT
S0018,A0058,LIVES_AT
S0226,A0058,LIVES_AT
S0090,A0059,LIVES_AT
S0254,A0059,LIVES_AT
S0348,A0059,LIVES_AT
S0130,A0059,LIVES_AT
S0437,A0060,LIVES_AT
S0138,A0060,LIVES_AT
S0283,A0060,LIVES_AT
S0279,A0060,LIVES_AT
S0145,A0061,LIVES_AT
S0384,A0061,LIVES_AT
S0289,A0061,LIVES_AT
S0003,A0061,LIVES_AT
S0019,A0062,LIVES_AT
S0381,A0062,LIVES_AT
S0193,A0062,LIVES_AT
S0238,A0062,LIVES_AT
S0477,A0063,LIVES_AT
S0360,A0063,LIVES_AT
S0077,A0063,LIVES_AT
S0420,A0063,LIVES_AT
S0172,A0064,LIVES_AT
S0034,A0064,LIVES_AT
S0430,A0064,LIVES_AT
S0294,A0064,LIVES_AT
S0413,A0065,LIVES_AT
S0281,A0065,LIVES_AT
S0105,A0065,LIVES_AT
S0134,A0065,LIVES_AT
S0162,A0066,LIVES_AT
S0215,A0066,LIVES_AT
S0496,A0066,LIVES_AT
S0021,A0066,LIVES_AT
S0407,A0067,LIVES_AT
S0376,A0067,LIVES_AT
S0433,A0067,LIVES_AT
S0121,A0067,LIVES_AT
S0359,A0068,LIVES_AT
S0405,A0068,LIVES_AT
S0096,A0068,LIVES_AT
S0042,A0068,LIVES_AT
S0485,A0069,LIVES_AT
S0280,A0069,LIVES_AT
S0447,A0069,LIVES_AT
S0423,A0069,LIVES_AT
S0258,A0070,LIVES_AT
S0245,A0070,LIVES_AT
S0310,A0070,LIVES_AT
S0443,A0070,LIVES_AT
S0161,A0071,LIVES_AT
S0452,A0071,LIVES_AT
S0278,A0071,LIVES_AT
S0412,A0071,LIVES_AT
S0112,A0072,LIVES_AT
S0152,A0072,LIVES_AT
S0323,A0072,LIVES_AT
S0080,A0072,LIVES_AT
S0250,A0073,LIVES_AT
S0285,A0073,LIVES_AT
S0319,A0073,LIVES_AT
S0147,A0073,LIVES_AT
S0446,A0074,LIVES_AT
S0395,A0074,LIVES_AT
S0200,A0074,LIVES_AT
S0445,A0074,LIVES_AT
S0195,A0075,LIVES_AT
S0396,A0075,LIVES_AT
S0361,A0075,LIVES_AT
S0206,A0075,LIVES_AT
S0458,A0076,LIVES_AT
S0247,A0076,LIVES_AT
S0351,A0076,LIVES_AT
S0342,A0076,LIVES_AT
S0086,A0077,LIVES_AT
S0389,A0077,LIVES_AT
S0048,A0077,LIVES_AT
S0008,A0077,LIVES_AT
S0461,A0078,LIVES_AT
S0026,A0078,LIVES_AT
S0330,A0078,LIVES_AT
S0397,A0078,LIVES_AT
S0227,A0079,LIVES_AT
S0039,A0079,LIVES_AT
S0325,A0079,LIVES_AT
S0237,A0079,LIVES_AT
S0353,A0080,LIVES_AT
S0094,A0080,LIVES_AT
S0335,A0080,LIVES_AT
S0500,A0080,LIVES_AT
S0230,A0081,LIVES_AT
S0456,A0081,LIVES_AT
S0341,A0081,LIVES_AT
S0099,A0081,LIVES_AT
S0128,A0082,LIVES_AT
S0056,A0082,LIVES_AT
S0372,A0082,LIVES_AT
S0207,A0082,LIVES_AT
S0032,A0083,LIVES_AT
S0051,A0083,LIVES_AT
S0331,A0083,LIVES_AT
S0028,A0083,LIVES_AT
S0467,A0084,LIVES_AT
S0211,A0084,LIVES_AT
S0392,A0084,LIVES_AT
S0182,A0084,LIVES_AT
S0221,A0085,LIVES_AT
S0424,A0085,LIVES_AT
S0050,A0085,LIVES_AT
S0049,A0085,LIVES_AT
S0098,A0086,LIVES_AT
S0209,A0086,LIVES_AT
S0345,A0086,LIVES_AT
S0125,A0086,LIVES_AT
S0243,A0087,LIVES_AT
S0296,A0087,LIVES_AT
S0293,A0087,LIVES_AT
S0068,A0087,LIVES_AT
S0404,A0088,LIVES_AT
S0110,A0088,LIVES_AT
S0475,A0088,LIVES_AT
S0343,A0088,LIVES_AT
S0143,A0089,LIVES_AT
S0122,A0089,LIVES_AT
S0264,A0089,LIVES_AT
S0364,A0089,LIVES_AT
S0170,A0090,LIVES_AT
S0017,A0090,LIVES_AT
S0035,A0090,LIVES_AT
S0368,A0090,LIVES_AT
S0031,A0091,LIVES_AT
S0324,A0091,LIVES_AT
S0363,A0091,LIVES_AT
S0037,A0091,LIVES_AT
S0004,A0092,LIVES_AT
S0487,A0092,LIVES_AT
S0444,A0092,LIVES_AT
S0118,A0092,LIVES_AT
S0464,A0093,LIVES_AT
S0302,A0093,LIVES_AT
S0011,A0093,LIVES_AT
S0174,A0093,LIVES_AT
S0471,A0094,LIVES_AT
S0116,A0094,LIVES_AT
S0499,A0094,LIVES_AT
S0062,A0094,LIVES_AT
S0232,A0095,LIVES_AT
S0265,A0095,LIVES_AT
S0225,A0095,LIVES_AT
S0428,A0095,LIVES_AT
S0333,A0096,LIVES_AT
S0344,A0096,LIVES_AT
S0489,A0096,LIVES_AT
S0160,A0096,LIVES_AT
S0366,A0097,LIVES_AT
S0103,A0097,LIVES_AT
S0354,A0097,LIVES_AT
S0374,A0097,LIVES_AT
S0482,A0098,LIVES_AT
S0425,A0098,LIVES_AT
S0109,A0098,LIVES_AT
S0473,A0098,LIVES_AT
S0311,A0099,LIVES_AT
S0466,A0099,LIVES_AT
S0136,A0099,LIVES_AT
S0085,A0099,LIVES_AT
S0282,A0100,LIVES_AT
S0244,A0100,LIVES_AT
S0338,A0100,LIVES_AT
S0066,A0100,LIVES_AT
S0065,A0101,LIVES_AT
S0393,A0101,LIVES_AT
S0273,A0101,LIVES_AT
S0390,A0101,LIVES_AT
S0036,A0102,LIVES_AT
S0249,A0102,LIVES_AT
S0375,A0102,LIVES_AT
S0044,A0102,LIVES_AT
S0041,A0103,LIVES_AT
S0291,A0103,LIVES_AT
S0124,A0103,LIVES_AT
S0030,A0103,LIVES_AT
S0123,A0104,LIVES_AT
S0158,A0104,LIVES_AT
S0414,A0104,LIVES_AT
S0488,A0104,LIVES_AT
S0450,A0105,LIVES_AT
S0010,A0105,LIVES_AT
S0251,A0105,LIVES_AT
S0166,A0105,LIVES_AT
S0307,A0106,LIVES_AT
S0001,A0106,LIVES_AT
S0272,A0106,LIVES_AT
S0399,A0106,LIVES_AT
S0277,A0107,LIVES_AT
S0083,A0107,LIVES_AT
S0440,A0107,LIVES_AT
S0192,A0107,LIVES_AT
S0478,A0108,LIVES_AT
S0102,A0108,LIVES_AT
S0312,A0108,LIVES_AT
S0438,A0108,LIVES_AT
S0328,A0109,LIVES_AT
S0431,A0109,LIVES_AT
S0153,A0109,LIVES_AT
S0321,A0109,LIVES_AT
S0055,A0110,LIVES_AT
S0260,A0110,LIVES_AT
S0092,A0110,LIVES_AT
S0391,A0110,LIVES_AT
S0257,A0111,LIVES_AT
S0495,A0111,LIVES_AT
S0369,A0111,LIVES_AT
S0491,A0111,LIVES_AT
S0002,A0112,LIVES_AT
S0233,A0112,LIVES_AT
S0081,A0112,LIVES_AT
S0223,A0112,LIVES_AT
S0151,A0113,LIVES_AT
S0058,A0113,LIVES_AT
S0175,A0113,LIVES_AT
S0329,A0113,LIVES_AT
S0394,A0114,LIVES_AT
S0137,A0114,LIVES_AT
S0385,A0114,LIVES_AT
S0275,A0114,LIVES_AT
S0454,A0115,LIVES_AT
S0350,A0115,LIVES_AT
S0059,A0115,LIVES_AT
S0370,A0115,LIVES_AT
S0474,A0116,LIVES_AT
S0006,A0116,LIVES_AT
S0480,A0116,LIVES_AT
S0284,A0116,LIVES_AT
S0129,A0117,LIVES_AT
S0271,A0117,LIVES_AT
S0240,A0117,LIVES_AT
S0472,A0117,LIVES_AT
S0196,A0118,LIVES_AT
S0198,A0118,LIVES_AT
S0033,A0118,LIVES_AT
S0306,A0118,LIVES_AT
S0217,A0119,LIVES_AT
S0349,A0119,LIVES_AT
S0406,A0119,LIVES_AT
S0082,A0119,LIVES_AT
S0322,A0120,LIVES_AT
S0079,A0120,LIVES_AT
S0057,A0120,LIVES_AT
S0441,A0120,LIVES_AT
S0025,A0121,LIVES_AT
S0387,A0121,LIVES_AT
S0047,A0121,LIVES_AT
S0253,A0121,LIVES_AT
S0261,A0122,LIVES_AT
S0071,A0122,LIVES_AT
S0113,A0122,LIVES_AT
S0186,A0122,LIVES_AT
S0205,A0123,LIVES_AT
S0299,A0123,LIVES_AT
S0460,A0123,LIVES_AT
S0220,A0123,LIVES_AT
S0300,A0124,LIVES_AT
S0383,A0124,LIVES_AT
S0135,A0124,LIVES_AT
S0276,A0124,LIVES_AT
S0288,A0125,LIVES_AT
S0382,A0125,LIVES_AT
S0127,A0125,LIVES_AT
S0072,A0125,LIVES_AT
